,CustomerID,Freq,Sale_Amount,ElapsedDays,Freq_log,SaleAmount_log,ElapsedDays_log,ClusterLabel
0,12346,1,77183.6,23,0.6931471805599453,11.253955234248428,3.1780538303479458,3
1,12347,31,711.79,65,3.4657359027997265,6.569186846877494,4.189654742026425,2
2,12348,17,892.8000000000001,56,2.8903717578961645,6.795482036499351,4.04305126783455,2
3,12356,36,2271.6200000000003,23,3.6109179126442243,7.728688629938012,3.1780538303479458,3
4,12359,16,547.5,29,2.833213344056216,6.307187279715285,3.4011973816621555,0
5,12370,90,1864.27,55,4.51085950651685,7.531161093717406,4.02535169073515,3
6,12377,43,1001.5199999999996,52,3.784189633918261,6.910272109106411,3.970291913552122,2
7,12383,68,1251.8799999999999,29,4.23410650459726,7.133200180158179,3.4011973816621555,3
8,12386,10,401.90000000000003,35,2.3978952727983707,5.998688392197302,3.58351893845611,0
9,12388,19,431.30000000000007,24,2.995732273553991,6.069119791673586,3.2188758248682006,0
10,12393,22,639.5,27,3.1354942159291497,6.4622491213367885,3.332204510175204,0
11,12395,31,679.92,55,3.4657359027997265,6.5234448249463695,4.02535169073515,2
12,12402,11,225.6,21,2.4849066497880004,5.423186348593906,3.091042453358316,0
13,12413,24,479.25000000000006,35,3.2188758248682006,6.174306801648666,3.58351893845611,0
14,12415,47,7092.979999999998,31,3.871201010907891,8.867001816045692,3.4657359027997265,3
15,12417,11,291.34,55,2.4849066497880004,5.677917508461147,4.02535169073515,2
16,12422,13,238.5,22,2.6390573296152584,5.4785534168509695,3.1354942159291497,0
17,12423,16,237.93,51,2.833213344056216,5.4761706220024395,3.9512437185814275,2
18,12427,10,303.50000000000006,69,2.3978952727983707,5.718671087149952,4.248495242049359,1
19,12429,20,1281.5000000000002,63,3.044522437723423,7.1565665770449245,4.1588830833596715,2
20,12431,23,706.4499999999999,55,3.1780538303479458,6.561666955641961,4.02535169073515,2
21,12433,147,3787.1199999999994,64,4.997212273764115,8.239625132790472,4.174387269895637,3
22,12437,7,392.7,29,2.0794415416798357,5.975589197949692,3.4011973816621555,0
23,12441,11,173.55,64,2.4849066497880004,5.162211233551045,4.174387269895637,1
24,12451,101,2919.5099999999998,22,4.624972813284271,7.9795135375457225,3.1354942159291497,3
25,12471,82,4592.41,28,4.418840607796598,8.432377946616562,3.367295829986474,3
26,12472,70,1631.3000000000009,67,4.2626798770413155,7.39774534215999,4.219507705176107,2
27,12474,13,249.4,27,2.6390573296152584,5.523059639225943,3.332204510175204,0
28,12476,2,12.45,59,1.0986122886681098,2.598979106047848,4.0943445622221,1
29,12480,42,816.2500000000002,34,3.7612001156935624,6.70594504560432,3.5553480614894135,3
30,12481,46,1394.4300000000003,34,3.8501476017100584,7.240957890485727,3.5553480614894135,3
31,12483,13,547.56,37,2.6390573296152584,6.307296662976109,3.6375861597263857,0
32,12484,98,1138.6700000000005,34,4.59511985013459,7.0384940257987365,3.5553480614894135,3
33,12489,15,334.92999999999995,34,2.772588722239781,5.816902804925467,3.5553480614894135,0
34,12490,43,864.2199999999999,27,3.784189633918261,6.762983809854266,3.332204510175204,3
35,12494,4,62.55,56,1.6094379124341003,4.151826997635463,4.04305126783455,1
36,12500,5,344.93999999999994,31,1.791759469228055,5.846265349615777,3.4657359027997265,0
37,12501,149,2169.3899999999994,34,5.0106352940962555,7.682662153888475,3.5553480614894135,3
38,12510,29,681.0500000000001,23,3.4011973816621555,6.525102968939129,3.1780538303479458,3
39,12515,16,383.7,51,2.833213344056216,5.95246380975825,3.9512437185814275,2
40,12523,7,102.95,29,2.0794415416798357,4.643910014304022,3.4011973816621555,0
41,12524,16,337.39,31,2.833213344056216,5.824199076468011,3.4657359027997265,0
42,12527,10,132.52,23,2.3978952727983707,4.89425127935358,3.1780538303479458,0
43,12530,13,387.4,34,2.6390573296152584,5.96203573641717,3.5553480614894135,0
44,12539,93,1715.8500000000004,31,4.543294782270004,7.448246495403878,3.4657359027997265,3
45,12540,51,2028.19,30,3.9512437185814275,7.615391977629929,3.4339872044851463,3
46,12551,10,168.0,55,2.3978952727983707,5.1298987149230735,4.02535169073515,1
47,12553,38,700.3100000000001,27,3.6635616461296463,6.552950014674056,3.332204510175204,3
48,12557,9,4037.1200000000003,30,2.302585092994046,8.303534516113242,3.4339872044851463,3
49,12567,83,1942.3799999999997,65,4.430816798843313,7.57218400411023,4.189654742026425,2
50,12577,67,195.89,57,4.219507705176107,5.282645197153741,4.060443010546419,2
51,12578,70,1608.6599999999994,28,4.2626798770413155,7.383778255552622,3.367295829986474,3
52,12583,42,1586.0199999999998,34,3.7612001156935624,7.369613322841454,3.5553480614894135,3
53,12585,65,1262.85,49,4.189654742026425,7.14191789677878,3.912023005428146,3
54,12600,7,274.8,55,2.0794415416798357,5.619675965359201,4.02535169073515,1
55,12601,9,144.26,30,2.302585092994046,4.978525240178022,3.4339872044851463,0
56,12621,32,1383.6499999999999,55,3.4965075614664802,7.23320267910427,4.02535169073515,2
57,12626,53,1096.0000000000002,24,3.9889840465642745,7.000334460275231,3.2188758248682006,3
58,12637,72,1516.68,21,4.290459441148391,7.32493813204429,3.091042453358316,3
59,12643,2,871.1999999999999,30,1.0986122886681098,6.771018755408666,3.4339872044851463,0
60,12647,46,1193.6,55,3.8501476017100584,7.085566680298205,4.02535169073515,2
61,12651,9,114.00000000000003,32,2.302585092994046,4.74493212836325,3.4965075614664802,0
62,12652,48,919.9799999999998,29,3.8918202981106265,6.825438320492919,3.4011973816621555,3
63,12662,15,261.48,71,2.772588722239781,5.570174888652846,4.276666119016055,2
64,12665,3,63.0,22,1.3862943611198906,4.1588830833596715,3.1354942159291497,0
65,12668,24,469.87,53,3.2188758248682006,6.154582047426494,3.9889840465642745,2
66,12672,10,225.9,27,2.3978952727983707,5.424509391785796,3.332204510175204,0
67,12673,23,220.9,24,3.1780538303479458,5.402226829938548,3.2188758248682006,0
68,12678,5,221.27999999999997,51,1.791759469228055,5.40393784841172,3.9512437185814275,1
69,12681,203,4664.990000000002,22,5.318119993844216,8.44805530941577,3.1354942159291497,3
70,12682,89,1910.3999999999999,36,4.499809670330265,7.555591236832079,3.6109179126442243,3
71,12683,75,1795.2200000000003,24,4.330733340286331,7.493439735792386,3.2188758248682006,3
72,12686,7,89.14,69,2.0794415416798357,4.501364017262502,4.248495242049359,1
73,12691,5,180.0,55,1.791759469228055,5.198497031265826,4.02535169073515,1
74,12705,30,858.0,55,3.4339872044851463,6.755768921984255,4.02535169073515,2
75,12708,33,481.05999999999995,27,3.5263605246161616,6.178068587631244,3.332204510175204,0
76,12709,14,1315.69,55,2.70805020110221,7.182876290589021,4.02535169073515,2
77,12712,31,721.2800000000001,29,3.4657359027997265,6.58241287534768,3.4011973816621555,3
78,12720,45,657.1299999999997,55,3.828641396489095,6.489402480200311,4.02535169073515,2
79,12721,15,286.59999999999997,52,2.772588722239781,5.661570625846892,3.970291913552122,2
80,12724,11,154.9,30,2.4849066497880004,5.049214776063731,3.4339872044851463,0
81,12725,24,427.79999999999995,69,3.2188758248682006,6.060990609756592,4.248495242049359,2
82,12726,6,170.27999999999997,55,1.9459101490553132,5.143299644281427,4.02535169073515,1
83,12728,13,252.53999999999996,30,2.6390573296152584,5.53552160151058,3.4339872044851463,0
84,12731,16,1071.9,62,2.833213344056216,6.978120541642701,4.143134726391533,2
85,12734,4,110.39999999999999,50,1.6094379124341003,4.713127327493184,3.9318256327243257,1
86,12735,22,319.7699999999999,35,3.1354942159291497,5.770724355409969,3.58351893845611,0
87,12736,4,234.00000000000003,30,1.6094379124341003,5.459585514144159,3.4339872044851463,0
88,12738,11,155.35,70,2.4849066497880004,5.05209708390385,4.2626798770413155,1
89,12747,20,1009.3099999999998,21,3.044522437723423,6.9180124934347855,3.091042453358316,3
90,12748,676,4602.119999999991,23,6.517671272912275,8.434489613431802,3.1780538303479458,3
91,12753,48,3590.5900000000006,60,3.8918202981106265,8.186350280368359,4.110873864173311,3
92,12755,1,3794.3999999999996,63,0.6931471805599453,8.241545086119878,4.1588830833596715,1
93,12763,16,320.08,67,2.833213344056216,5.771690313263376,4.219507705176107,2
94,12766,88,1835.7700000000004,32,4.48863636973214,7.515763873239253,3.4965075614664802,3
95,12779,33,861.3799999999999,24,3.5263605246161616,6.759696008791195,3.2188758248682006,3
96,12782,22,463.5,55,3.1354942159291497,6.140961558253893,4.02535169073515,2
97,12785,14,311.95,62,2.70805020110221,5.74604343337071,4.143134726391533,2
98,12791,2,192.60000000000002,71,1.0986122886681098,5.265794174842477,4.276666119016055,1
99,12793,24,545.48,32,3.2188758248682006,6.303497710423594,3.4965075614664802,0
100,12797,13,254.03,63,2.6390573296152584,5.541381185297377,4.1588830833596715,2
101,12808,7,129.4,66,2.0794415416798357,4.870606649492553,4.204692619390966,1
102,12820,11,170.46000000000004,24,2.4849066497880004,5.14435000325061,3.2188758248682006,0
103,12826,25,367.71999999999997,22,3.258096538021482,5.9100375484122525,3.1354942159291497,0
104,12829,11,293.0,34,2.4849066497880004,5.683579767338681,3.5553480614894135,0
105,12838,59,390.78999999999985,71,4.0943445622221,5.970725981958581,4.276666119016055,2
106,12839,37,737.45,55,3.6375861597263857,6.604553394872319,4.02535169073515,2
107,12841,97,879.9300000000004,22,4.584967478670572,6.780978167614865,3.1354942159291497,3
108,12855,3,38.1,70,1.3862943611198906,3.66612246699132,4.2626798770413155,1
109,12867,54,362.7900000000001,58,4.007333185232471,5.896576778075664,4.07753744390572,2
110,12868,34,490.76000000000005,29,3.5553480614894135,6.1979907925987545,3.4011973816621555,0
111,12872,66,599.9699999999998,24,4.204692619390966,6.398545016483998,3.2188758248682006,3
112,12875,1,293.76000000000005,60,0.6931471805599453,5.686161465898799,4.110873864173311,1
113,12877,17,250.26,27,2.8903717578961645,5.526488259576272,3.332204510175204,0
114,12913,4,417.62,66,1.6094379124341003,6.0369635871792005,4.204692619390966,1
115,12915,13,199.64999999999998,70,2.6390573296152584,5.301562096712925,4.2626798770413155,1
116,12921,59,1169.5000000000005,36,4.0943445622221,7.065186286930966,3.6109179126442243,3
117,12924,2,58.190000000000005,25,1.0986122886681098,4.080752608702634,3.258096538021482,0
118,12928,17,392.34,57,2.8903717578961645,5.974674377800508,4.060443010546419,2
119,12931,2,177.0,55,1.0986122886681098,5.181783550292085,4.02535169073515,1
120,12939,6,1933.2000000000003,32,1.9459101490553132,7.567449083282863,3.4965075614664802,0
121,12942,16,258.75,63,2.833213344056216,5.5597196299793366,4.1588830833596715,2
122,12944,14,286.95,52,2.70805020110221,5.6627868539526816,3.970291913552122,2
123,12947,33,605.6999999999998,34,3.5263605246161616,6.408034434948251,3.5553480614894135,3
124,12951,14,188.69,28,2.70805020110221,5.245391160738632,3.367295829986474,0
125,12957,29,413.68000000000006,37,3.4011973816621555,6.0275071384549115,3.6375861597263857,0
126,12963,16,365.80000000000007,63,2.833213344056216,5.90481674038231,4.1588830833596715,2
127,12967,19,1660.9,56,2.995732273553991,7.415716805133478,4.04305126783455,2
128,12971,34,830.0700000000002,29,3.5553480614894135,6.722714027168217,3.4011973816621555,3
129,12980,5,1611.24,29,1.791759469228055,7.385379795359234,3.4011973816621555,0
130,12989,2,1012.5,25,1.0986122886681098,6.921164965892054,3.258096538021482,0
131,13000,11,201.75000000000003,62,2.4849066497880004,5.311973692995522,4.143134726391533,1
132,13001,31,805.4499999999999,24,3.4657359027997265,6.692641899363191,3.2188758248682006,3
133,13004,46,683.7900000000002,31,3.8501476017100584,6.529112221917172,3.4657359027997265,3
134,13008,14,229.47000000000003,21,2.70805020110221,5.4401207021224,3.091042453358316,0
135,13011,3,50.550000000000004,70,1.3862943611198906,3.942552210462969,4.2626798770413155,1
136,13013,67,1528.3400000000004,69,4.219507705176107,7.3325915487695585,4.248495242049359,2
137,13021,7,157.35,56,2.0794415416798357,5.064807772984649,4.04305126783455,1
138,13027,6,1440.0,52,1.9459101490553132,7.273092595999522,3.970291913552122,2
139,13029,1,382.5,51,0.6931471805599453,5.949339620807311,3.9512437185814275,1
140,13030,57,402.35999999999996,66,4.060443010546419,5.999829463439609,4.204692619390966,2
141,13033,11,190.54999999999998,55,2.4849066497880004,5.255148871146658,4.02535169073515,1
142,13034,11,165.86000000000004,67,2.4849066497880004,5.117155137473929,4.219507705176107,1
143,13047,17,366.6300000000001,71,2.8903717578961645,5.907076997597718,4.276666119016055,2
144,13048,40,477.60999999999996,25,3.713572066704308,6.170886069530959,3.258096538021482,0
145,13050,69,1199.87,52,4.248495242049359,7.090801573090548,3.970291913552122,3
146,13064,9,203.29999999999998,25,2.302585092994046,5.319589501823576,3.258096538021482,0
147,13065,14,205.85999999999999,71,2.70805020110221,5.3320422359496575,4.276666119016055,2
148,13069,114,985.0599999999997,32,4.74493212836325,6.893717204678209,3.4965075614664802,3
149,13077,14,313.72,64,2.70805020110221,5.751683354640749,4.174387269895637,2
150,13078,42,1236.9599999999998,30,3.7612001156935624,7.12122014254485,3.4339872044851463,3
151,13081,243,5894.419999999997,35,5.497168225293202,8.681931057252875,3.58351893845611,3
152,13082,7,379.43999999999994,36,2.0794415416798357,5.941328477614185,3.6109179126442243,0
153,13089,257,9650.390000000005,24,5.552959584921617,9.174857225410836,3.2188758248682006,3
154,13090,11,1311.16,27,2.4849066497880004,7.179429913288101,3.332204510175204,0
155,13092,7,185.45,57,2.0794415416798357,5.22816310662483,4.060443010546419,1
156,13093,110,6068.469999999998,28,4.709530201312334,8.711026565579123,3.367295829986474,3
157,13094,5,376.32,35,1.791759469228055,5.933093633781652,3.58351893845611,0
158,13097,52,1076.1900000000005,35,3.970291913552122,6.982111077567209,3.58351893845611,3
159,13102,70,1422.48,30,4.2626798770413155,7.260859856742329,3.4339872044851463,3
160,13104,1,101.76,52,0.6931471805599453,4.632396172241683,3.970291913552122,1
161,13107,21,566.8400000000001,31,3.091042453358316,6.341839688898187,3.4657359027997265,0
162,13108,10,350.05999999999995,70,2.3978952727983707,5.8609571490281995,4.2626798770413155,2
163,13113,21,1049.5700000000002,29,3.091042453358316,6.957088153000791,3.4011973816621555,3
164,13117,26,388.1499999999999,63,3.295836866004329,5.963964873405397,4.1588830833596715,2
165,13124,61,1256.3200000000002,57,4.127134385045092,7.13673775057514,4.060443010546419,2
166,13126,31,547.3100000000001,36,3.4657359027997265,6.30684082043446,3.6109179126442243,0
167,13138,14,193.23000000000002,70,2.70805020110221,5.269043023844041,4.2626798770413155,2
168,13140,15,158.26000000000002,64,2.772588722239781,5.070538086829299,4.174387269895637,1
169,13144,3,110.94999999999999,30,1.3862943611198906,4.718052343044763,3.4339872044851463,0
170,13145,1,295.0,70,0.6931471805599453,5.69035945432406,4.2626798770413155,1
171,13148,18,309.40000000000003,62,2.9444389791664403,5.737861788309064,4.143134726391533,2
172,13155,63,569.1999999999999,24,4.1588830833596715,6.345987176478571,3.2188758248682006,3
173,13162,37,753.2599999999998,32,3.6375861597263857,6.625737136154794,3.4965075614664802,3
174,13165,13,354.64,49,2.6390573296152584,5.873918983252938,3.912023005428146,2
175,13173,23,165.94000000000003,65,3.1780538303479458,5.117634466422591,4.189654742026425,2
176,13174,152,1369.0600000000002,67,5.030437921392435,7.222609813483609,4.219507705176107,2
177,13178,32,709.9999999999999,58,3.4965075614664802,6.566672429803241,4.07753744390572,2
178,13183,20,625.04,32,3.044522437723423,6.439414266822301,3.4965075614664802,0
179,13187,37,236.01999999999995,35,3.6375861597263857,5.4681445257603025,3.58351893845611,0
180,13198,24,384.54999999999995,59,3.2188758248682006,5.9546708862789695,4.0943445622221,2
181,13199,15,1140.2000000000003,24,2.772588722239781,7.039835619339345,3.2188758248682006,0
182,13209,19,430.20000000000005,24,2.995732273553991,6.066572019594788,3.2188758248682006,0
183,13211,2,110.7,59,1.0986122886681098,4.715816706075155,4.0943445622221,1
184,13221,35,498.1600000000001,57,3.58351893845611,6.212926685639654,4.060443010546419,2
185,13225,12,2470.4400000000005,36,2.5649493574615367,7.812556255697322,3.6109179126442243,3
186,13230,13,93.45000000000002,63,2.6390573296152584,4.548070593947519,4.1588830833596715,1
187,13233,17,304.24,34,2.8903717578961645,5.721098352421432,3.5553480614894135,0
188,13238,5,91.15,58,1.791759469228055,4.523417684115833,4.07753744390572,1
189,13240,21,224.07,63,3.091042453358316,5.416411464930505,4.1588830833596715,2
190,13246,39,679.2100000000002,24,3.6888794541139363,6.522401574023394,3.2188758248682006,3
191,13253,16,476.48,37,2.833213344056216,6.168522274226838,3.6375861597263857,0
192,13255,6,225.7,71,1.9459101490553132,5.423627557513483,4.276666119016055,1
193,13263,39,141.66,23,3.6888794541139363,4.960464176849892,3.1780538303479458,0
194,13267,41,933.9700000000001,29,3.7376696182833684,6.840514443212437,3.4011973816621555,3
195,13269,28,662.17,59,3.367295829986474,6.497031367574781,4.0943445622221,2
196,13270,1,590.0,64,0.6931471805599453,6.3818160174060985,4.174387269895637,1
197,13280,34,290.95000000000005,35,3.5553480614894135,5.6765825547295465,3.58351893845611,0
198,13284,13,201.19,28,2.6390573296152584,5.309207849379209,3.367295829986474,0
199,13295,10,201.2,57,2.3978952727983707,5.309257306586371,4.060443010546419,1
200,13304,21,300.4199999999999,49,3.091042453358316,5.70850464099153,3.912023005428146,2
201,13305,5,136.2,70,1.791759469228055,4.921439715291784,4.2626798770413155,1
202,13310,27,410.1800000000001,22,3.332204510175204,6.019031074825787,3.1354942159291497,0
203,13313,17,307.30000000000007,37,2.8903717578961645,5.731073334892105,3.6375861597263857,0
204,13317,14,238.04999999999998,56,2.70805020110221,5.476672735072112,4.04305126783455,2
205,13319,93,2061.9700000000003,37,4.543294782270004,7.631901971036288,3.6375861597263857,3
206,13324,5,650.0999999999999,58,1.791759469228055,6.478663240242816,4.07753744390572,1
207,13327,21,745.0000000000001,63,3.091042453358316,6.614725600203761,4.1588830833596715,2
208,13329,7,304.2,64,2.0794415416798357,5.720967299410302,4.174387269895637,1
209,13368,1,35.400000000000006,35,0.6931471805599453,3.594568774642695,3.58351893845611,1
210,13369,14,308.28000000000003,63,2.70805020110221,5.734247015460021,4.1588830833596715,2
211,13370,39,754.8700000000003,69,3.6888794541139363,6.62786940372116,4.248495242049359,2
212,13385,35,534.5700000000002,27,3.58351893845611,6.283331600299074,3.332204510175204,0
213,13397,8,299.92,37,2.1972245773362196,5.706844448692021,3.6375861597263857,0
214,13402,17,308.28,70,2.8903717578961645,5.734247015460021,4.2626798770413155,2
215,13408,44,3335.4,35,3.8066624897703196,8.112647660367458,3.58351893845611,3
216,13418,49,1579.6199999999997,57,3.912023005428146,7.365572454113572,4.060443010546419,2
217,13426,32,639.4299999999995,34,3.4965075614664802,6.462139825746757,3.5553480614894135,3
218,13448,34,829.5400000000001,62,3.5553480614894135,6.722076091650286,4.143134726391533,2
219,13451,46,359.1899999999999,32,3.8501476017100584,5.8866316700022265,3.4965075614664802,0
220,13455,30,692.9399999999999,64,3.4339872044851463,6.542385501437915,4.174387269895637,2
221,13458,83,2675.039999999999,35,4.430816798843313,7.892093368819513,3.58351893845611,3
222,13468,60,1056.7500000000002,30,4.110873864173311,6.963899289600177,3.4339872044851463,3
223,13473,12,241.26000000000002,30,2.5649493574615367,5.4900115295886565,3.4339872044851463,0
224,13487,11,193.15000000000003,51,2.4849066497880004,5.268631056177677,3.9512437185814275,1
225,13488,116,2740.209999999999,29,4.762173934797756,7.91615470774237,3.4011973816621555,3
226,13491,22,336.8900000000001,30,3.1354942159291497,5.822720398727715,3.4339872044851463,0
227,13495,22,865.4300000000001,57,3.1354942159291497,6.764381321126095,4.060443010546419,2
228,13496,26,501.01000000000005,57,3.295836866004329,6.2186200398120475,4.060443010546419,2
229,13497,9,153.5,66,2.302585092994046,5.0401940963378005,4.204692619390966,1
230,13502,4,114.6,21,1.6094379124341003,4.750135956238277,3.091042453358316,0
231,13506,17,301.12,67,2.8903717578961645,5.710824289445247,4.219507705176107,2
232,13520,31,988.5199999999999,22,3.4657359027997265,6.897219977066754,3.1354942159291497,3
233,13523,30,566.9499999999999,64,3.4339872044851463,6.34203338667743,4.174387269895637,2
234,13527,5,110.45,24,1.791759469228055,4.713576059831878,3.2188758248682006,0
235,13531,15,305.45000000000005,64,2.772588722239781,5.725054609931741,4.174387269895637,2
236,13534,22,471.2,34,3.1354942159291497,6.157402624651413,3.5553480614894135,0
237,13564,80,1174.0300000000004,52,4.394449154672439,7.06904895816722,3.970291913552122,3
238,13565,13,110.17999999999999,32,2.6390573296152584,4.711150509525323,3.4965075614664802,0
239,13569,23,109.82000000000001,65,3.1780538303479458,4.707907263439203,4.189654742026425,2
240,13576,27,972.83,35,3.332204510175204,6.881236750421328,3.58351893845611,3
241,13579,9,164.7,67,2.302585092994046,5.1101789244325175,4.219507705176107,1
242,13593,39,559.8499999999999,34,3.6888794541139363,6.3294534900912325,3.5553480614894135,3
243,13599,26,721.98,35,3.295836866004329,6.583381559258862,3.58351893845611,3
244,13611,15,303.15000000000003,57,2.772588722239781,5.717521000766714,4.060443010546419,2
245,13614,9,205.75,28,2.302585092994046,5.3315103339038,3.367295829986474,0
246,13627,20,311.19000000000005,55,3.044522437723423,5.7436119768188165,4.02535169073515,2
247,13629,3,660.0,36,1.3862943611198906,6.493753839851686,3.6109179126442243,0
248,13634,36,334.1999999999999,25,3.6109179126442243,5.814727368607928,3.258096538021482,0
249,13649,15,197.8,64,2.772588722239781,5.292299294222474,4.174387269895637,2
250,13652,18,308.79999999999995,66,2.9444389791664403,5.735926927982768,4.204692619390966,2
251,13656,31,162.70000000000005,35,3.4657359027997265,5.09803548437709,3.58351893845611,0
252,13668,38,386.2199999999999,32,3.6635616461296463,5.958993006961019,3.4965075614664802,0
253,13672,3,62.13,30,1.3862943611198906,4.145196092379535,3.4339872044851463,0
254,13680,70,2391.59,35,4.2626798770413155,7.780131740174446,3.58351893845611,3
255,13694,87,5507.919999999999,28,4.477336814478207,8.614123875675498,3.367295829986474,3
256,13700,23,139.52,25,3.1780538303479458,4.945349827397626,3.258096538021482,0
257,13705,10,318.14000000000004,71,2.3978952727983707,5.765629877982281,4.276666119016055,1
258,13715,96,939.8999999999996,36,4.574710978503383,6.84683686401272,3.6109179126442243,3
259,13747,1,79.6,71,0.6931471805599453,4.389498649512583,4.276666119016055,1
260,13748,1,204.0,71,0.6931471805599453,5.3230099791384085,4.276666119016055,1
261,13750,1,325.44,34,0.6931471805599453,5.788246164601042,3.5553480614894135,1
262,13756,16,1004.4000000000001,56,2.833213344056216,6.913140751258475,4.04305126783455,2
263,13758,33,1141.25,32,3.5263605246161616,7.040755280443381,3.4965075614664802,3
264,13764,69,499.8899999999999,35,4.248495242049359,6.216386516099603,3.58351893845611,3
265,13767,72,3110.2400000000016,31,4.290459441148391,8.042776639534411,3.4657359027997265,3
266,13769,29,626.3200000000002,24,3.4011973816621555,6.441456777266224,3.2188758248682006,0
267,13777,42,7294.419999999999,27,3.7612001156935624,8.895002032980189,3.332204510175204,3
268,13782,36,191.94,25,3.6109179126442243,5.262379259742407,3.258096538021482,0
269,13784,4,113.63999999999999,30,1.6094379124341003,4.741796783519916,3.4339872044851463,0
270,13786,7,230.4,65,2.0794415416798357,5.444147814759576,4.189654742026425,1
271,13787,7,106.4,62,2.0794415416798357,4.676560182074764,4.143134726391533,1
272,13798,60,6571.0199999999995,30,4.110873864173311,8.790576522366162,3.4339872044851463,3
273,13807,7,112.6,65,2.0794415416798357,4.732683506287051,4.189654742026425,1
274,13817,9,128.7,49,2.302585092994046,4.865224091322398,3.912023005428146,1
275,13831,2,408.0,67,1.0986122886681098,6.013715156042802,4.219507705176107,1
276,13838,49,230.65999999999988,67,3.912023005428146,5.4452707795042,4.219507705176107,2
277,13842,38,613.57,34,3.6635616461296463,6.420922836269428,3.5553480614894135,3
278,13846,28,411.40000000000015,58,3.367295829986474,6.021993752142805,4.07753744390572,2
279,13848,1,320.0,64,0.6931471805599453,5.771441123130016,4.174387269895637,1
280,13854,19,955.2900000000002,27,2.995732273553991,6.863061214331252,3.332204510175204,3
281,13859,28,201.16,24,3.367295829986474,5.309059463079938,3.2188758248682006,0
282,13862,27,425.1000000000001,30,3.332204510175204,6.054674060505866,3.4339872044851463,0
283,13869,21,323.61999999999995,55,3.091042453358316,5.782655267476924,4.02535169073515,2
284,13874,18,540.45,56,2.9444389791664403,6.294250726074389,4.04305126783455,2
285,13880,6,97.8,65,1.9459101490553132,4.593097604753822,4.189654742026425,1
286,13890,11,190.35000000000002,56,2.4849066497880004,5.254104211871711,4.04305126783455,1
287,13898,12,155.93,23,2.5649493574615367,5.055799846050629,3.1780538303479458,0
288,13922,7,172.24999999999997,49,2.0794415416798357,5.1547356380700124,3.912023005428146,1
289,13929,2,412.85,24,1.0986122886681098,6.025503589331405,3.2188758248682006,0
290,13941,11,1095.1200000000001,70,2.4849066497880004,6.999531950565567,4.2626798770413155,2
291,13948,3,101.99999999999999,58,1.3862943611198906,4.634728988229636,4.07753744390572,1
292,13953,1,500.0,50,0.6931471805599453,6.2166061010848646,3.9318256327243257,1
293,13959,16,214.74,60,2.833213344056216,5.374073978947283,4.110873864173311,2
294,13963,20,366.7099999999999,37,3.044522437723423,5.907294584021184,3.6375861597263857,0
295,13969,25,317.59,63,3.258096538021482,5.763905009663833,4.1588830833596715,2
296,13982,52,903.7999999999998,24,3.970291913552122,6.80771392480191,3.2188758248682006,3
297,13983,50,659.94,24,3.9318256327243257,6.493663064173454,3.2188758248682006,3
298,13984,9,284.75,23,2.302585092994046,5.65511730267492,3.1780538303479458,0
299,13993,18,323.15000000000003,28,2.9444389791664403,5.781206371621005,3.367295829986474,0
300,13999,17,302.1,59,2.8903717578961645,5.714062784063757,4.0943445622221,2
301,14001,9,301.24,71,2.302585092994046,5.7112214037532,4.276666119016055,1
302,14016,39,753.74,55,3.6888794541139363,6.626373319078836,4.02535169073515,2
303,14030,27,676.5,64,3.332204510175204,6.518409552753856,4.174387269895637,2
304,14031,50,3994.4600000000005,22,3.9318256327243257,8.292913995501735,3.1354942159291497,3
305,14032,29,619.42,53,3.4011973816621555,6.430396668049054,3.9889840465642745,2
306,14037,26,111.80000000000003,62,3.295836866004329,4.725616339063959,4.143134726391533,2
307,14040,24,289.6999999999999,29,3.2188758248682006,5.67229180756483,3.4011973816621555,0
308,14045,5,1251.75,35,1.791759469228055,7.133096413839834,3.58351893845611,0
309,14047,13,296.22,34,2.6390573296152584,5.694472605330423,3.5553480614894135,0
310,14051,33,1828.1600000000005,52,3.5263605246161616,7.511612124061751,3.970291913552122,3
311,14057,48,925.9200000000001,58,3.8918202981106265,6.8318672619496805,4.07753744390572,2
312,14060,29,1276.6999999999996,31,3.4011973816621555,7.152816865597277,3.4657359027997265,3
313,14062,44,3096.3899999999994,21,3.8066624897703196,8.038315100362624,3.091042453358316,3
314,14078,13,136.24,71,2.6390573296152584,4.921731217990249,4.276666119016055,1
315,14081,69,423.51999999999987,67,4.248495242049359,6.050959118893622,4.219507705176107,2
316,14082,29,182.24999999999997,62,3.4011973816621555,5.2108513407667605,4.143134726391533,2
317,14083,91,444.3599999999999,52,4.5217885770490405,6.098882943875252,3.970291913552122,2
318,14085,142,1718.9400000000007,21,4.962844630259907,7.450044685478118,3.091042453358316,3
319,14090,1,76.32000000000001,22,0.6931471805599453,4.34795265434013,3.1354942159291497,0
320,14092,41,601.7300000000001,50,3.7376696182833684,6.401469335258178,3.9318256327243257,2
321,14099,59,618.14,27,4.0943445622221,6.428331418355678,3.332204510175204,3
322,14101,3,751.6,24,1.3862943611198906,6.6235338781593365,3.2188758248682006,0
323,14107,16,363.24,62,2.833213344056216,5.897812991026527,4.143134726391533,2
324,14113,2,433.5,52,1.0986122886681098,6.074195944705447,3.970291913552122,1
325,14114,11,195.13000000000002,28,2.4849066497880004,5.27877770467342,3.367295829986474,0
326,14135,70,1811.9100000000005,24,4.2626798770413155,7.5026885680444595,3.2188758248682006,3
327,14142,22,311.81000000000006,71,3.1354942159291497,5.745595977469612,4.276666119016055,2
328,14146,35,1241.43,55,3.58351893845611,7.124824418355568,4.02535169073515,2
329,14150,12,306.18,57,2.5649493574615367,5.727433894987482,4.060443010546419,2
330,14156,44,17096.92,27,3.8066624897703196,9.74671209766542,3.332204510175204,3
331,14159,50,189.9199999999999,60,3.9318256327243257,5.251854492137696,4.110873864173311,2
332,14161,26,283.15,67,3.295836866004329,5.649502267743131,4.219507705176107,2
333,14167,18,148.35000000000002,29,2.9444389791664403,5.006292544662119,3.4011973816621555,0
334,14175,16,322.58,27,2.833213344056216,5.779446378577191,3.332204510175204,0
335,14176,13,280.75,24,2.6390573296152584,5.641020152919886,3.2188758248682006,0
336,14180,76,1456.3500000000006,22,4.343805421853684,7.2843749969764655,3.1354942159291497,3
337,14185,3,197.65,29,1.3862943611198906,5.291544482260608,3.4011973816621555,0
338,14189,31,676.0399999999998,36,3.4657359027997265,6.51773035536185,3.6109179126442243,3
339,14201,4,67.24000000000001,57,1.6094379124341003,4.223030903183424,4.060443010546419,1
340,14209,16,347.9500000000001,30,2.833213344056216,5.854928645463161,3.4339872044851463,0
341,14210,37,668.6099999999998,37,3.6375861597263857,6.506695453352878,3.6375861597263857,3
342,14215,43,762.0600000000003,28,3.784189633918261,6.637336665152104,3.367295829986474,3
343,14217,15,290.5,30,2.772588722239781,5.675040005790547,3.4339872044851463,0
344,14220,11,312.98,56,2.4849066497880004,5.749329289612172,4.04305126783455,2
345,14221,18,312.95,37,2.9444389791664403,5.749233737560118,3.6375861597263857,0
346,14229,20,456.96999999999997,31,3.044522437723423,6.126803679785417,3.4657359027997265,0
347,14236,3,189.3,70,1.3862943611198906,5.248601774302104,4.2626798770413155,1
348,14237,9,161.00000000000003,71,2.302585092994046,5.0875963352323845,4.276666119016055,1
349,14238,8,146.85,24,2.1972245773362196,4.996198246298486,3.2188758248682006,0
350,14242,8,138.35,23,2.1972245773362196,4.936988753927957,3.1780538303479458,0
351,14243,19,472.0000000000001,55,2.995732273553991,6.1590953884919335,4.02535169073515,2
352,14256,32,523.8599999999999,62,3.4965075614664802,6.263131560363079,4.143134726391533,2
353,14258,31,3120.2199999999993,35,3.4657359027997265,8.045979230013952,3.58351893845611,3
354,14270,29,492.6499999999999,29,3.4011973816621555,6.201826764057459,3.4011973816621555,0
355,14282,13,571.0,65,2.6390573296152584,6.349138991379798,4.189654742026425,2
356,14290,23,777.5600000000001,59,3.1780538303479458,6.6574460595951575,4.0943445622221,2
357,14293,15,364.91999999999985,66,2.772588722239781,5.9024147302744705,4.204692619390966,2
358,14298,197,6119.36,34,5.288267030694535,8.719376197305747,3.5553480614894135,3
359,14299,15,1226.34,28,2.772588722239781,7.112604504940688,3.367295829986474,3
360,14307,79,1270.5600000000002,22,4.382026634673881,7.147999772109043,3.1354942159291497,3
361,14309,6,147.75,56,1.9459101490553132,5.002267044425739,4.04305126783455,1
362,14312,15,309.55,35,2.772588722239781,5.738344919005312,3.58351893845611,0
363,14320,23,352.51000000000005,30,3.1780538303479458,5.867911773479654,3.4339872044851463,0
364,14321,29,326.81999999999994,31,3.4011973816621555,5.792464677261214,3.4657359027997265,0
365,14329,76,1547.5800000000002,27,4.343805421853684,7.345093660978356,3.332204510175204,3
366,14334,20,320.15000000000003,56,3.044522437723423,5.7719083037038015,4.04305126783455,2
367,14344,14,355.65,56,2.70805020110221,5.876754908724047,4.04305126783455,2
368,14355,11,174.4,63,2.4849066497880004,5.1670690799380825,4.1588830833596715,1
369,14373,4,76.55,56,1.6094379124341003,4.350922889622548,4.04305126783455,1
370,14388,21,312.79999999999995,70,3.091042453358316,5.748755840298932,4.2626798770413155,2
371,14390,27,223.7,70,3.332204510175204,5.414766179191283,4.2626798770413155,2
372,14395,63,689.3600000000002,32,4.1588830833596715,6.537213200663203,3.4965075614664802,3
373,14396,34,110.35000000000001,69,3.5553480614894135,4.712678393703377,4.248495242049359,2
374,14401,15,247.38,57,2.772588722239781,5.514959831519887,4.060443010546419,2
375,14404,42,391.08000000000004,25,3.7612001156935624,5.9714659006012925,3.258096538021482,0
376,14409,2,328.80000000000007,66,1.0986122886681098,5.7984864101254985,4.204692619390966,1
377,14413,22,121.05,60,3.1354942159291497,4.804430796838969,4.110873864173311,2
378,14414,8,217.2,56,2.1972245773362196,5.38541207339897,4.04305126783455,1
379,14415,109,1085.7299999999998,23,4.700480365792417,6.990928466202891,3.1780538303479458,3
380,14419,21,124.1,62,3.091042453358316,4.829113417472866,4.143134726391533,2
381,14428,24,203.54999999999998,23,3.2188758248682006,5.320812444375408,3.1780538303479458,0
382,14437,5,63.0,63,1.791759469228055,4.1588830833596715,4.1588830833596715,1
383,14440,13,656.7,63,2.6390573296152584,6.488748900307305,4.1588830833596715,2
384,14443,20,303.5,66,3.044522437723423,5.718671087149952,4.204692619390966,2
385,14448,18,102.35000000000001,62,2.9444389791664403,4.638121286127777,4.143134726391533,1
386,14449,50,210.24,70,3.9318256327243257,5.352994927838733,4.2626798770413155,2
387,14462,3,109.3,37,1.3862943611198906,4.703203926259457,3.6375861597263857,1
388,14466,10,379.74999999999994,70,2.3978952727983707,5.942142991775271,4.2626798770413155,2
389,14472,61,546.2699999999999,32,4.127134385045092,6.304942282103375,3.4965075614664802,3
390,14479,10,174.4,63,2.3978952727983707,5.1670690799380825,4.1588830833596715,1
391,14487,13,125.10000000000002,66,2.6390573296152584,4.837075242970874,4.204692619390966,1
392,14491,4,127.2,70,1.6094379124341003,4.853591544486569,4.2626798770413155,1
393,14496,5,304.34000000000003,71,1.791759469228055,5.721425909828796,4.276666119016055,1
394,14498,14,166.21999999999997,59,2.70805020110221,5.119310310721912,4.0943445622221,1
395,14505,178,1355.6600000000012,35,5.187385805840755,7.212781075751544,3.58351893845611,3
396,14506,45,256.99999999999994,67,3.828641396489095,5.552959584921617,4.219507705176107,2
397,14514,26,255.25,29,3.295836866004329,5.546153530452618,3.4011973816621555,0
398,14524,26,275.44999999999993,58,3.295836866004329,5.622029972783942,4.07753744390572,2
399,14525,27,726.9499999999999,24,3.332204510175204,6.590232364519335,3.2188758248682006,3
400,14527,169,1494.9900000000014,22,5.135798437050262,7.310543474020103,3.1354942159291497,3
401,14532,14,222.6,50,2.70805020110221,5.409858741280944,3.9318256327243257,2
402,14533,10,433.5,50,2.3978952727983707,6.074195944705447,3.9318256327243257,2
403,14543,5,254.4,62,1.791759469228055,5.542830943598439,4.143134726391533,1
404,14544,54,1101.7700000000002,59,4.007333185232471,7.005580475297575,4.0943445622221,2
405,14553,23,201.93999999999997,37,3.1780538303479458,5.312910368850937,3.6375861597263857,0
406,14560,14,408.16999999999996,55,2.70805020110221,6.014130717606894,4.02535169073515,2
407,14565,54,1167.4100000000005,59,4.007333185232471,7.0633991291897305,4.0943445622221,2
408,14572,54,331.02999999999986,22,4.007333185232471,5.805225326279921,3.1354942159291497,0
409,14573,70,401.9999999999998,70,4.2626798770413155,5.998936561946683,4.2626798770413155,2
410,14576,1,35.400000000000006,70,0.6931471805599453,3.594568774642695,4.2626798770413155,1
411,14577,38,346.90000000000003,60,3.6635616461296463,5.8519150821578965,4.110873864173311,2
412,14587,79,208.04999999999998,29,4.382026634673881,5.342573457802574,3.4011973816621555,0
413,14589,3,39.75,69,1.3862943611198906,3.7074558396868715,4.248495242049359,1
414,14594,31,254.99999999999997,71,3.4657359027997265,5.545177444479562,4.276666119016055,2
415,14606,406,2285.5999999999995,22,6.008813185442595,7.734821277107869,3.1354942159291497,3
416,14608,1,204.0,60,0.6931471805599453,5.3230099791384085,4.110873864173311,1
417,14618,5,211.8,35,1.791759469228055,5.360352757467489,3.58351893845611,0
418,14621,16,305.7,56,2.833213344056216,5.725870071120206,4.04305126783455,2
419,14625,34,585.53,59,3.5553480614894135,6.374223817680508,4.0943445622221,2
420,14639,41,676.5400000000002,59,3.7376696182833684,6.518468591601435,4.0943445622221,2
421,14643,15,357.94000000000005,56,2.772588722239781,5.883155243601131,4.04305126783455,2
422,14646,184,27008.25999999999,21,5.220355825078324,10.203935049151076,3.091042453358316,3
423,14653,29,344.80999999999995,36,3.4011973816621555,5.845889491281031,3.6109179126442243,0
424,14657,62,416.0799999999999,24,4.143134726391533,6.0332780499213925,3.2188758248682006,3
425,14667,165,2252.6500000000024,24,5.111987788356544,7.7203064030395065,3.2188758248682006,3
426,14669,109,837.5,30,4.700480365792417,6.731614581263264,3.4339872044851463,3
427,14672,34,285.28000000000003,34,3.5553480614894135,5.656970352870397,3.5553480614894135,0
428,14673,15,373.49,65,2.772588722239781,5.925565100331069,4.189654742026425,2
429,14680,52,4395.51,35,3.970291913552122,8.388566323353034,3.58351893845611,3
430,14684,44,168.36,60,3.8066624897703196,5.13202662682661,4.110873864173311,2
431,14688,38,747.2,23,3.6635616461296463,6.617670321914046,3.1780538303479458,3
432,14696,34,588.25,23,3.5553480614894135,6.378850541816241,3.1780538303479458,3
433,14702,69,769.8000000000001,32,4.248495242049359,6.647428936540211,3.4965075614664802,3
434,14708,12,419.06,66,2.5649493574615367,6.040397558217161,4.204692619390966,2
435,14709,15,314.1,56,2.772588722239781,5.752890048763229,4.04305126783455,2
436,14713,44,425.8499999999999,56,3.8066624897703196,6.056432663456315,4.04305126783455,2
437,14715,13,137.95000000000002,29,2.6390573296152584,4.934114156188513,3.4011973816621555,0
438,14723,84,455.6499999999997,56,4.442651256490317,6.123917233137687,4.04305126783455,2
439,14729,71,313.48999999999995,71,4.276666119016055,5.750952279132591,4.276666119016055,2
440,14732,10,203.09999999999997,37,2.3978952727983707,5.318610069815799,3.6375861597263857,0
441,14733,114,5935.53,30,4.74493212836325,8.68888006657577,3.4339872044851463,3
442,14735,28,906.4,21,3.367295829986474,6.810583367229864,3.091042453358316,3
443,14737,8,434.0,51,2.1972245773362196,6.075346031088684,3.9512437185814275,1
444,14739,18,943.44,36,2.9444389791664403,6.850592159248762,3.6109179126442243,3
445,14741,19,495.29999999999995,59,2.995732273553991,6.207180582593395,4.0943445622221,2
446,14744,3,225.0,64,1.3862943611198906,5.420534999272286,4.174387269895637,1
447,14748,32,470.41999999999996,66,3.4965075614664802,6.1557494164157855,4.204692619390966,2
448,14755,27,488.4600000000001,32,3.332204510175204,6.193302742594856,3.4965075614664802,0
449,14761,7,97.5,32,2.0794415416798357,4.590056548178043,3.4965075614664802,0
450,14766,6,180.4,64,1.9459101490553132,5.200704537681037,4.174387269895637,1
451,14769,57,870.99,22,4.060443010546419,6.7707779559533146,3.1354942159291497,3
452,14770,17,278.59999999999997,21,2.8903717578961645,5.633360010359655,3.091042453358316,0
453,14775,20,406.55999999999995,70,3.044522437723423,6.010188161106084,4.2626798770413155,2
454,14779,31,262.54999999999995,21,3.4657359027997265,5.574243103301216,3.091042453358316,0
455,14784,4,114.68,21,1.6094379124341003,4.750827758410455,3.091042453358316,0
456,14794,9,179.1,32,2.302585092994046,5.19351225218191,3.4965075614664802,0
457,14796,87,1028.8200000000002,59,4.477336814478207,6.937139308670295,4.0943445622221,2
458,14800,145,1753.6399999999999,32,4.983606621708336,7.47001898665317,3.4965075614664802,3
459,14810,38,324.44000000000005,32,3.6635616461296463,5.785178112860195,3.4965075614664802,0
460,14813,29,152.88,67,3.4011973816621555,5.0361730778840945,4.219507705176107,2
461,14821,2,48.800000000000004,64,1.0986122886681098,3.9080149840306073,4.174387269895637,1
462,14825,18,396.43000000000006,56,2.9444389791664403,5.985018817957919,4.04305126783455,2
463,14828,5,582.0,34,1.791759469228055,6.368187186350492,3.5553480614894135,0
464,14829,26,385.33000000000004,58,3.295836866004329,5.956691926506723,4.07753744390572,2
465,14841,19,395.15999999999997,56,2.995732273553991,5.981818170056177,4.04305126783455,2
466,14849,28,566.8899999999998,56,3.367295829986474,6.341927737994419,4.04305126783455,2
467,14865,3,37.2,70,1.3862943611198906,3.6428355156125294,4.2626798770413155,1
468,14866,1,103.67999999999999,64,0.6931471805599453,4.650908077661945,4.174387269895637,1
469,14867,15,300.74,34,2.772588722239781,5.709565719411929,3.5553480614894135,0
470,14871,21,120.95000000000002,58,3.091042453358316,4.80361112466193,4.07753744390572,2
471,14878,13,322.01,56,2.6390573296152584,5.777683282495735,4.04305126783455,2
472,14889,10,135.9,34,2.3978952727983707,4.919250732294404,3.5553480614894135,0
473,14896,32,257.21999999999997,63,3.4965075614664802,5.553811934746572,4.1588830833596715,2
474,14898,9,255.70000000000002,24,2.302585092994046,5.5479080878770946,3.2188758248682006,0
475,14901,38,497.05,58,3.6635616461296463,6.210700473591174,4.07753744390572,2
476,14907,47,960.69,58,3.871201010907891,6.86869215341128,4.07753744390572,2
477,14911,335,11218.359999999999,21,5.817111159963204,9.32539613645157,3.091042453358316,3
478,14913,17,300.87,57,2.8903717578961645,5.709996461122668,4.060443010546419,2
479,14916,15,295.04999999999995,22,2.772588722239781,5.690528358977785,3.1354942159291497,0
480,14932,17,363.53,63,2.8903717578961645,5.89860885258863,4.1588830833596715,2
481,14952,7,686.16,62,2.0794415416798357,6.532567161758244,4.143134726391533,2
482,14961,38,1182.7,58,3.6635616461296463,7.076400404959848,4.07753744390572,2
483,14976,16,155.95,24,2.833213344056216,5.0559272832879625,3.2188758248682006,0
484,14978,37,302.3099999999999,28,3.6375861597263857,5.714755384807131,3.367295829986474,0
485,14985,46,119.77000000000007,56,3.8501476017100584,4.7938879102872844,4.04305126783455,2
486,14987,2,163.2,63,1.0986122886681098,5.101085197018328,4.1588830833596715,1
487,15002,56,893.1500000000001,36,4.04305126783455,6.795873546334045,3.6109179126442243,3
488,15005,98,611.46,32,4.59511985013459,6.4174836341638954,3.4965075614664802,3
489,15012,52,188.5599999999999,71,3.970291913552122,5.2447055970993866,4.276666119016055,2
490,15018,5,111.25,65,1.791759469228055,4.720728526622364,4.189654742026425,1
491,15021,49,198.08999999999997,64,3.912023005428146,5.293756983791705,4.174387269895637,2
492,15023,99,984.3499999999995,23,4.605170185988092,6.892996908006591,3.1780538303479458,3
493,15024,48,491.2199999999999,65,3.8918202981106265,6.198925771020084,4.189654742026425,2
494,15028,14,185.97,66,2.70805020110221,5.230948176177183,4.204692619390966,1
495,15032,30,2770.599999999999,64,3.4339872044851463,7.927180049753225,4.174387269895637,2
496,15033,63,556.5500000000003,27,4.1588830833596715,6.323552185411371,3.332204510175204,3
497,15034,81,1403.8500000000001,36,4.406719247264253,7.247685814502589,3.6109179126442243,3
498,15038,32,118.88,67,3.4965075614664802,4.786491242448462,4.219507705176107,2
499,15039,240,3492.9,22,5.484796933490655,8.158773869792155,3.1354942159291497,3
500,15044,122,2352.55,31,4.812184355372417,7.76368010556985,3.4657359027997265,3
501,15046,38,730.5999999999998,25,3.6635616461296463,6.59523391651671,3.258096538021482,3
502,15048,23,98.70000000000003,66,3.1780538303479458,4.602165676967793,4.204692619390966,2
503,15059,29,182.78,32,3.4011973816621555,5.213739390072739,3.4965075614664802,0
504,15061,162,22107.61,23,5.093750200806762,10.003722404394471,3.1780538303479458,3
505,15062,11,209.08,57,2.4849066497880004,5.347488410554486,4.060443010546419,1
506,15070,1,106.2,70,0.6931471805599453,4.674696248636701,4.2626798770413155,1
507,15078,37,818.65,52,3.6375861597263857,6.708877419872465,3.970291913552122,2
508,15079,4,141.95,63,1.6094379124341003,4.9624949187683205,4.1588830833596715,1
509,15081,8,111.14999999999999,65,2.1972245773362196,4.719837260966218,4.189654742026425,1
510,15093,37,1844.1299999999999,36,3.6375861597263857,7.520305014696996,3.6109179126442243,3
511,15100,3,876.0,31,1.3862943611198906,6.776506992372183,3.4657359027997265,0
512,15101,4,102.28,57,1.6094379124341003,4.637443746538387,4.060443010546419,1
513,15107,15,278.7,28,2.772588722239781,5.633717600207914,3.367295829986474,0
514,15111,16,288.49999999999994,70,2.833213344056216,5.668155297013049,4.2626798770413155,2
515,15139,8,122.10000000000002,34,2.1972245773362196,4.812997033190408,3.5553480614894135,0
516,15157,54,1085.46,56,4.007333185232471,6.9906799835562845,4.04305126783455,2
517,15159,59,2133.6200000000003,27,4.0943445622221,7.666043923872869,3.332204510175204,3
518,15160,4,158.16000000000003,55,1.6094379124341003,5.069909985558728,4.02535169073515,1
519,15164,15,168.43999999999997,37,2.772588722239781,5.132498881853096,3.6375861597263857,0
520,15165,27,487.75,71,3.332204510175204,6.1918511112995755,4.276666119016055,2
521,15171,5,1289.5,29,1.791759469228055,7.162785019158669,3.4011973816621555,0
522,15180,6,87.5,65,1.9459101490553132,4.483002552013883,4.189654742026425,1
523,15189,5,418.48,30,1.791759469228055,6.039015848966204,3.4339872044851463,0
524,15192,15,315.0,63,2.772588722239781,5.755742213586912,4.1588830833596715,2
525,15194,91,1890.54,34,4.5217885770490405,7.545146591087127,3.5553480614894135,3
526,15197,3,556.5,56,1.3862943611198906,6.323462503334274,4.04305126783455,1
527,15204,9,316.58000000000004,55,2.302585092994046,5.760729755097952,4.02535169073515,1
528,15208,3,65.4,51,1.3862943611198906,4.1956970564823886,3.9512437185814275,1
529,15211,23,383.0700000000001,63,3.1780538303479458,5.950824827641287,4.1588830833596715,2
530,15213,22,313.19999999999993,27,3.1354942159291497,5.750029725821521,3.332204510175204,0
531,15221,5,403.25,64,1.791759469228055,6.002033498457216,4.174387269895637,1
532,15224,14,322.0799999999999,56,2.70805020110221,5.777899970574095,4.04305126783455,2
533,15235,51,807.2900000000001,36,3.9512437185814275,6.694920905019078,3.6109179126442243,3
534,15246,12,186.00000000000003,56,2.5649493574615367,5.231108616854587,4.04305126783455,1
535,15260,17,420.5,70,2.8903717578961645,6.04381977744191,4.2626798770413155,2
536,15262,10,178.95000000000002,21,2.3978952727983707,5.19267903452504,3.091042453358316,0
537,15266,6,119.30000000000001,36,1.9459101490553132,4.789988622980633,3.6109179126442243,0
538,15271,40,364.8499999999999,35,3.713572066704308,5.902223413330039,3.58351893845611,0
539,15279,19,290.51,52,2.995732273553991,5.675074310519458,3.970291913552122,2
540,15281,50,780.4199999999997,31,3.9318256327243257,6.661112777379165,3.4657359027997265,3
541,15288,26,165.65000000000003,63,3.295836866004329,5.115895804753749,4.1588830833596715,2
542,15290,19,554.1,27,2.995732273553991,6.319148277696116,3.332204510175204,0
543,15291,33,1372.19,23,3.5263605246161616,7.224891779296607,3.1780538303479458,3
544,15296,61,1199.33,24,4.127134385045092,7.090351797970523,3.2188758248682006,3
545,15298,39,873.0799999999998,22,3.6888794541139363,6.773171904647407,3.1354942159291497,3
546,15299,3,1835.0100000000002,70,1.3862943611198906,7.5153500177886965,4.2626798770413155,1
547,15301,34,673.3700000000001,66,3.5553480614894135,6.513778921712439,4.204692619390966,2
548,15304,5,123.15,66,1.791759469228055,4.821490511954176,4.204692619390966,1
549,15311,398,6111.4499999999925,22,5.988961416889864,8.71808295379057,3.1354942159291497,3
550,15312,16,289.74,52,2.833213344056216,5.6724293969981785,3.970291913552122,2
551,15316,1,165.0,24,0.6931471805599453,5.111987788356544,3.2188758248682006,0
552,15326,29,311.71,31,3.4011973816621555,5.74527624348556,3.4657359027997265,0
553,15332,35,1661.06,64,3.58351893845611,7.415813075846797,4.174387269895637,2
554,15346,17,252.42000000000004,30,2.8903717578961645,5.5350481913707625,3.4339872044851463,0
555,15347,5,201.59999999999997,64,1.791759469228055,5.311233591814583,4.174387269895637,1
556,15350,5,115.65,71,1.791759469228055,4.759177998467439,4.276666119016055,1
557,15351,51,274.66999999999996,67,3.9512437185814275,5.6192044981809035,4.219507705176107,2
558,15353,12,311.65000000000003,65,2.5649493574615367,5.745084354013307,4.189654742026425,2
559,15356,104,338.9199999999996,58,4.653960350157523,5.828710295806555,4.07753744390572,2
560,15358,82,1278.4099999999996,36,4.418840607796598,7.154154313149317,3.6109179126442243,3
561,15361,7,418.9200000000001,59,2.0794415416798357,6.040064216944044,4.0943445622221,1
562,15363,16,326.0,70,2.833213344056216,5.7899601708972535,4.2626798770413155,2
563,15366,8,105.54,56,2.1972245773362196,4.668520501488853,4.04305126783455,1
564,15370,8,184.19999999999996,30,2.1972245773362196,5.221436322212079,3.4339872044851463,0
565,15373,16,537.0999999999999,57,2.833213344056216,6.2880444164953735,4.060443010546419,2
566,15379,136,2682.0899999999992,21,4.919980925828125,7.894724394402712,3.091042453358316,3
567,15380,1,230.10000000000002,63,0.6931471805599453,5.442850517280335,4.1588830833596715,1
568,15384,20,303.57,57,3.044522437723423,5.718900945787902,4.060443010546419,2
569,15392,19,338.9799999999999,58,2.995732273553991,5.828886792350623,4.07753744390572,2
570,15394,24,587.6599999999999,56,3.2188758248682006,6.377848767403354,4.04305126783455,2
571,15395,7,107.45000000000002,23,2.0794415416798357,4.6862892372728835,3.1780538303479458,0
572,15422,6,97.7,21,1.9459101490553132,4.592084946439436,3.091042453358316,0
573,15426,76,382.5699999999999,67,4.343805421853684,5.94952213348593,4.219507705176107,2
574,15447,9,155.17,28,2.302585092994046,5.050945157499754,3.367295829986474,0
575,15454,25,179.10000000000002,60,3.258096538021482,5.19351225218191,4.110873864173311,2
576,15456,25,231.22000000000003,57,3.258096538021482,5.44768519819886,4.060443010546419,2
577,15460,56,214.26,52,4.04305126783455,5.371846599836152,3.970291913552122,2
578,15464,155,1044.6500000000005,36,5.049856007249537,6.952393980600518,3.6109179126442243,3
579,15465,17,1258.15,32,2.8903717578961645,7.138192169123812,3.4965075614664802,3
580,15482,7,548.44,56,2.0794415416798357,6.308899577709111,4.04305126783455,1
581,15485,42,1268.1299999999999,34,3.7612001156935624,7.146086905335876,3.5553480614894135,3
582,15498,143,2981.2999999999997,21,4.969813299576001,8.00045009388621,3.091042453358316,3
583,15502,28,929.3999999999996,66,3.367295829986474,6.835614601204454,4.204692619390966,2
584,15503,66,141.04,60,4.204692619390966,4.956108708074887,4.110873864173311,2
585,15510,1,250.0,28,0.6931471805599453,5.5254529391317835,3.367295829986474,0
586,15512,6,101.2,57,1.9459101490553132,4.626931677769604,4.060443010546419,1
587,15513,35,2085.52,23,3.58351893845611,7.643252885415814,3.1780538303479458,3
588,15514,64,1824.7100000000003,58,4.174387269895637,7.509724231455617,4.07753744390572,3
589,15518,43,377.06,30,3.784189633918261,5.9350529131820196,3.4339872044851463,0
590,15525,48,274.92999999999995,71,3.8918202981106265,5.620147210360944,4.276666119016055,2
591,15527,18,221.40000000000003,52,2.9444389791664403,5.404477562376427,3.970291913552122,2
592,15529,76,570.8899999999998,21,4.343805421853684,6.348946665193995,3.091042453358316,3
593,15532,49,353.79999999999995,56,3.912023005428146,5.871554250435424,4.04305126783455,2
594,15535,35,259.0399999999999,25,3.58351893845611,5.560835465336267,3.258096538021482,0
595,15544,26,354.5399999999999,70,3.295836866004329,5.873637760494539,4.2626798770413155,2
596,15545,31,135.32999999999998,69,3.4657359027997265,4.915078417198038,4.248495242049359,2
597,15547,56,767.3700000000002,60,4.04305126783455,6.644271387966698,4.110873864173311,2
598,15555,95,989.8199999999999,59,4.564348191467836,6.898532883119994,4.0943445622221,2
599,15562,1,134.55,49,0.6931471805599453,4.909340575944674,3.912023005428146,1
600,15563,22,270.19000000000005,56,3.1354942159291497,5.602819682230067,4.04305126783455,2
601,15569,7,288.5,30,2.0794415416798357,5.66815529701305,3.4339872044851463,0
602,15570,140,1535.6400000000003,27,4.948759890378168,7.3373534935928335,3.332204510175204,3
603,15574,143,563.5400000000001,56,4.969813299576001,6.336011240246729,4.04305126783455,2
604,15581,47,323.86000000000007,51,3.871201010907891,5.78339432029125,3.9512437185814275,2
605,15587,3,344.88,49,1.3862943611198906,5.846091894092229,3.912023005428146,1
606,15596,42,777.47,24,3.7612001156935624,6.657330454886064,3.2188758248682006,3
607,15601,115,1924.8999999999996,34,4.7535901911063645,7.563148669930166,3.5553480614894135,3
608,15602,5,212.55,30,1.791759469228055,5.363870997287475,3.4339872044851463,0
609,15605,12,194.85000000000002,71,2.5649493574615367,5.27734906011184,4.276666119016055,1
610,15606,10,305.6,22,2.3978952727983707,5.725543966437714,3.1354942159291497,0
611,15607,13,104.76,34,2.6390573296152584,4.6611723761033765,3.5553480614894135,0
612,15611,3,104.25,32,1.3862943611198906,4.656338472562491,3.4965075614664802,0
613,15615,50,1724.79,27,3.9318256327243257,7.453440195643235,3.332204510175204,3
614,15620,31,424.48999999999984,56,3.4657359027997265,6.053241445974625,4.04305126783455,2
615,15626,20,281.88,27,3.044522437723423,5.645022779449278,3.332204510175204,0
616,15628,19,319.18,64,2.995732273553991,5.768883337649949,4.174387269895637,2
617,15640,110,3314.18,30,4.709530201312334,8.106267199788379,3.4339872044851463,3
618,15641,20,308.36999999999995,57,3.044522437723423,5.734537971576192,4.060443010546419,2
619,15646,17,189.79999999999998,70,2.8903717578961645,5.251225759014186,4.2626798770413155,2
620,15649,2,816.0,34,1.0986122886681098,6.705639094860003,3.5553480614894135,0
621,15658,14,306.20000000000005,70,2.70805020110221,5.727499001273517,4.2626798770413155,2
622,15660,10,209.3,63,2.3978952727983707,5.348535082708654,4.1588830833596715,1
623,15661,1,116.0,36,0.6931471805599453,4.762173934797756,3.6109179126442243,1
624,15673,40,880.26,25,3.713572066704308,6.781352701579826,3.258096538021482,3
625,15680,30,478.88999999999993,64,3.4339872044851463,6.173556910972577,4.174387269895637,2
626,15687,22,353.49999999999994,28,3.1354942159291497,5.870708345972182,3.367295829986474,0
627,15689,6,103.5,59,1.9459101490553132,4.6491870714048655,4.0943445622221,1
628,15694,23,1245.12,28,3.1780538303479458,7.127790002896258,3.367295829986474,3
629,15696,31,493.45,24,3.4657359027997265,6.203446033716,3.2188758248682006,0
630,15708,78,723.5600000000001,32,4.3694478524670215,6.5855645740666935,3.4965075614664802,3
631,15713,9,171.15,64,2.302585092994046,5.148366189784533,4.174387269895637,1
632,15716,37,529.4,67,3.6375861597263857,6.273631438871653,4.219507705176107,2
633,15719,104,433.03999999999985,35,4.653960350157523,6.073136695752007,3.58351893845611,3
634,15723,38,190.70000000000005,62,3.6635616461296463,5.255931650051599,4.143134726391533,2
635,15727,98,2071.7000000000003,29,4.59511985013459,7.6366073841628594,3.4011973816621555,3
636,15732,5,138.1,70,1.791759469228055,4.935193098929397,4.2626798770413155,1
637,15738,26,646.15,24,3.295836866004329,6.472578106888447,3.2188758248682006,0
638,15749,5,22998.4,30,1.791759469228055,10.043223407614494,3.4339872044851463,3
639,15750,19,340.52000000000004,64,2.995732273553991,5.833406242449707,4.174387269895637,2
640,15752,14,259.65,70,2.70805020110221,5.563178511214115,4.2626798770413155,2
641,15759,4,97.24000000000001,56,1.6094379124341003,4.587413464398832,4.04305126783455,1
642,15769,12,5636.28,34,2.5649493574615367,8.637156958659219,3.5553480614894135,3
643,15777,5,365.54999999999995,59,1.791759469228055,5.904134937669595,4.0943445622221,1
644,15780,12,177.15,55,2.5649493574615367,5.182625892051845,4.02535169073515,1
645,15789,25,351.3,56,3.258096538021482,5.864483085347192,4.04305126783455,2
646,15799,22,320.22,32,3.1354942159291497,5.772126246634751,3.4965075614664802,0
647,15805,11,370.80000000000007,62,2.4849066497880004,5.918356075287344,4.143134726391533,2
648,15808,138,2915.3700000000013,37,4.9344739331306915,7.978094971224587,3.6375861597263857,3
649,15811,23,438.8,55,3.1780538303479458,6.086320078120661,4.02535169073515,2
650,15822,16,440.20000000000005,57,2.833213344056216,6.089498287379348,4.060443010546419,2
651,15823,1,15.0,70,0.6931471805599453,2.772588722239781,4.2626798770413155,1
652,15827,14,190.93,70,2.70805020110221,5.257130722217787,4.2626798770413155,2
653,15831,17,309.94,22,2.8903717578961645,5.7395999675215945,3.1354942159291497,0
654,15835,15,301.10999999999996,28,2.772588722239781,5.710791189466759,3.367295829986474,0
655,15838,3,957.5,65,1.3862943611198906,6.865369562485699,4.189654742026425,1
656,15841,7,331.6,36,2.0794415416798357,5.806940566758827,3.6109179126442243,0
657,15845,13,303.36,35,2.6390573296152584,5.718211211308322,3.58351893845611,0
658,15854,20,444.29999999999995,27,3.044522437723423,6.098748212327656,3.332204510175204,0
659,15856,53,3281.309999999999,49,3.9889840465642745,8.096302721790334,3.912023005428146,3
660,15858,44,383.93,65,3.8066624897703196,5.953061499575036,4.189654742026425,2
661,15860,15,102.66000000000001,66,2.772588722239781,4.641116312761561,4.204692619390966,1
662,15862,64,354.2299999999999,71,4.174387269895637,5.872765467010975,4.276666119016055,2
663,15867,114,793.1599999999999,31,4.74493212836325,6.677284952281466,3.4657359027997265,3
664,15880,96,329.0299999999999,67,4.574710978503383,5.799183559419454,4.219507705176107,2
665,15881,4,155.25,59,1.6094379124341003,5.051457288616511,4.0943445622221,1
666,15882,16,371.31999999999994,66,2.833213344056216,5.919753699553981,4.204692619390966,2
667,15889,59,272.0699999999999,67,4.0943445622221,5.609728172573878,4.219507705176107,2
668,15894,34,151.43999999999997,67,3.5553480614894135,5.02677107600566,4.219507705176107,2
669,15898,62,516.64,65,4.143134726391533,6.24928001995347,4.189654742026425,2
670,15899,4,56.25,66,1.6094379124341003,4.047427642434349,4.204692619390966,1
671,15916,46,575.06,28,3.8501476017100584,6.356211821937587,3.367295829986474,3
672,15919,39,214.08,66,3.6888794541139363,5.371010051941477,4.204692619390966,2
673,15922,11,369.50000000000006,71,2.4849066497880004,5.914853444736142,4.276666119016055,2
674,15923,21,127.08000000000003,70,3.091042453358316,4.85265506868846,4.2626798770413155,2
675,15938,5,74.9,21,1.791759469228055,4.3294166844015844,3.091042453358316,0
676,15939,12,762.0599999999998,23,2.5649493574615367,6.637336665152104,3.1780538303479458,0
677,15945,2,181.0,63,1.0986122886681098,5.204006687076795,4.1588830833596715,1
678,15950,29,428.82,57,3.4011973816621555,6.06336651639706,4.060443010546419,2
679,15953,24,410.0899999999999,29,3.2188758248682006,6.018812168626219,3.4011973816621555,0
680,15955,20,572.38,70,3.044522437723423,6.351548673175804,4.2626798770413155,2
681,15965,16,156.19000000000003,65,2.833213344056216,5.057455264740147,4.189654742026425,2
682,15973,4,307.82,64,1.6094379124341003,5.732758582892719,4.174387269895637,1
683,15983,80,1138.3700000000003,58,4.394449154672439,7.038230757052482,4.07753744390572,2
684,15984,17,230.58999999999997,36,2.8903717578961645,5.4449685668737295,3.6109179126442243,0
685,15987,9,113.48,66,2.302585092994046,4.740400135248196,4.204692619390966,1
686,15996,32,263.24999999999994,64,3.4965075614664802,5.576895624750347,4.174387269895637,2
687,15998,118,863.39,60,4.77912349311153,6.762024055847626,4.110873864173311,2
688,16003,20,1181.0000000000002,57,3.044522437723423,7.074963197966044,4.060443010546419,2
689,16010,24,110.1,60,3.2188758248682006,4.7104306966455844,4.110873864173311,2
690,16011,39,398.6,60,3.6888794541139363,5.990464046774399,4.110873864173311,2
691,16013,10,4408.1,34,2.3978952727983707,8.391425865980748,3.5553480614894135,3
692,16016,66,363.0199999999999,64,4.204692619390966,5.897208811182261,4.174387269895637,2
693,16019,25,723.3500000000001,34,3.258096538021482,6.585274700987661,3.5553480614894135,3
694,16029,40,14820.15,21,3.713572066704308,9.603810493680276,3.091042453358316,3
695,16033,140,1051.8400000000001,24,4.948759890378168,6.959246553770275,3.2188758248682006,3
696,16034,9,153.6,30,2.302585092994046,5.040841136153322,3.4339872044851463,0
697,16037,15,300.46,56,2.772588722239781,5.708637337382383,4.04305126783455,2
698,16042,2,24.95,30,1.0986122886681098,3.2561716096118976,3.4339872044851463,1
699,16048,8,256.44000000000005,71,2.1972245773362196,5.550786683244073,4.276666119016055,1
700,16059,48,259.49999999999994,25,3.8918202981106265,5.5626028611934215,3.258096538021482,0
701,16062,7,247.55999999999997,62,2.0794415416798357,5.515684265084792,4.143134726391533,1
702,16065,73,367.1400000000001,63,4.30406509320417,5.908463300604576,4.1588830833596715,2
703,16081,22,157.60000000000002,64,3.1354942159291497,5.066385309200748,4.174387269895637,2
704,16083,17,337.98,58,2.8903717578961645,5.825941108589908,4.07753744390572,2
705,16086,8,177.26,65,2.1972245773362196,5.183243158702571,4.189654742026425,1
706,16098,12,430.59999999999997,71,2.5649493574615367,6.0674992333839795,4.276666119016055,2
707,16112,10,136.14000000000001,31,2.3978952727983707,4.921002301856219,3.4657359027997265,0
708,16122,19,249.84,30,2.995732273553991,5.52481528567482,3.4339872044851463,0
709,16125,13,289.35,65,2.6390573296152584,5.671087091818059,4.189654742026425,2
710,16134,16,283.53000000000003,57,2.833213344056216,5.650838696161777,4.060443010546419,2
711,16140,7,124.14,69,2.0794415416798357,4.829433110570218,4.248495242049359,1
712,16143,27,811.3499999999999,52,3.332204510175204,6.6999312817757595,3.970291913552122,2
713,16145,34,668.8399999999999,36,3.5553480614894135,6.507038877896177,3.6109179126442243,3
714,16150,22,393.42,70,3.1354942159291497,5.977416331381923,4.2626798770413155,2
715,16153,10,215.01000000000005,52,2.3978952727983707,5.375324702908821,3.970291913552122,1
716,16161,91,776.5500000000001,28,4.5217885770490405,6.656147950667346,3.367295829986474,3
717,16163,5,441.6,63,1.791759469228055,6.092666427616949,4.1588830833596715,1
718,16168,3,275.8,67,1.3862943611198906,5.623295223743515,4.219507705176107,1
719,16186,20,307.68000000000006,70,3.044522437723423,5.732305141589403,4.2626798770413155,2
720,16191,23,1475.2199999999998,34,3.1780538303479458,7.297240045543862,3.5553480614894135,3
721,16202,18,365.27000000000004,58,2.9444389791664403,5.903370766348874,4.07753744390572,2
722,16203,11,170.7,70,2.4849066497880004,5.14574876790343,4.2626798770413155,1
723,16206,25,161.3,25,3.258096538021482,5.089446474520545,3.258096538021482,0
724,16210,37,7000.639999999999,56,3.6375861597263857,8.853899686311124,4.04305126783455,3
725,16218,28,471.29999999999995,71,3.367295829986474,6.157614376902071,4.276666119016055,2
726,16221,12,166.74,65,2.5649493574615367,5.122415161556265,4.189654742026425,1
727,16233,9,326.5,27,2.302585092994046,5.791488055075306,3.332204510175204,0
728,16235,7,108.66999999999999,30,2.0794415416798357,4.697475856772117,3.4339872044851463,0
729,16241,70,436.37999999999994,37,4.2626798770413155,6.080802382460177,3.6375861597263857,3
730,16244,63,1056.6299999999994,70,4.1588830833596715,6.963785834807062,4.2626798770413155,2
731,16250,14,226.14,71,2.70805020110221,5.4255665674635,4.276666119016055,2
732,16255,60,673.85,37,4.110873864173311,6.514490443955291,3.6375861597263857,3
733,16265,38,840.81,62,3.6635616461296463,6.73555433557216,4.143134726391533,2
734,16270,54,1141.2399999999996,51,4.007333185232471,7.04074652575415,3.9512437185814275,2
735,16271,16,133.22,56,2.833213344056216,4.899480244730094,4.04305126783455,1
736,16274,65,351.7499999999999,71,4.189654742026425,5.865759590732923,4.276666119016055,2
737,16282,11,168.3,37,2.4849066497880004,5.13167228913909,3.6375861597263857,0
738,16293,16,378.75,65,2.833213344056216,5.939513141475882,4.189654742026425,2
739,16303,35,827.1799999999998,31,3.58351893845611,6.719230522063541,3.4657359027997265,3
740,16306,15,243.24999999999997,35,2.772588722239781,5.498192290922892,3.58351893845611,0
741,16315,14,226.37,28,2.70805020110221,5.426578646492048,3.367295829986474,0
742,16316,20,308.22,56,3.044522437723423,5.734052997674449,4.04305126783455,2
743,16321,4,87.75,21,1.6094379124341003,4.485823428355525,3.091042453358316,0
744,16326,29,265.75000000000006,32,3.4011973816621555,5.586311890181863,3.4965075614664802,0
745,16327,66,535.5999999999999,67,4.204692619390966,6.285252937991523,4.219507705176107,2
746,16350,22,376.6999999999999,31,3.1354942159291497,5.9341002297184104,3.4657359027997265,0
747,16351,8,153.9,30,2.1972245773362196,5.042779747422823,3.4339872044851463,0
748,16353,12,1057.6000000000001,29,2.5649493574615367,6.964702559423888,3.4011973816621555,0
749,16359,4,92.4,29,1.6094379124341003,4.536891345234797,3.4011973816621555,0
750,16365,7,368.46000000000004,57,2.0794415416798357,5.912042480130491,4.060443010546419,1
751,16367,34,167.09000000000003,60,3.5553480614894135,5.124499550245303,4.110873864173311,2
752,16385,19,147.20000000000005,64,2.995732273553991,4.998562712861987,4.174387269895637,2
753,16393,20,291.54999999999995,60,3.044522437723423,5.678635592234245,4.110873864173311,2
754,16395,60,450.5600000000001,21,4.110873864173311,6.112708254393347,3.091042453358316,3
755,16401,14,487.9,25,2.70805020110221,6.1921579695846,3.258096538021482,0
756,16402,54,205.64999999999992,67,4.007333185232471,5.331026540957741,4.219507705176107,2
757,16411,20,128.55,67,3.044522437723423,4.8640669070081195,4.219507705176107,2
758,16422,36,3241.9700000000003,23,3.6109179126442243,8.084244855570729,3.1780538303479458,3
759,16442,44,147.05999999999997,58,3.8066624897703196,4.997617597014952,4.07753744390572,2
760,16455,30,531.9799999999999,59,3.4339872044851463,6.278483900009665,4.0943445622221,2
761,16456,16,787.4,71,2.833213344056216,6.670005575278565,4.276666119016055,2
762,16458,10,193.89999999999998,58,2.3978952727983707,5.272486606513515,4.07753744390572,1
763,16470,39,216.33999999999997,56,3.6888794541139363,5.381462947634706,4.04305126783455,2
764,16473,8,149.41,34,2.1972245773362196,5.013364898667122,3.5553480614894135,0
765,16477,33,544.4,50,3.5263605246161616,6.301519470411488,3.9318256327243257,2
766,16493,6,127.80000000000001,27,1.9459101490553132,4.858260813670253,3.332204510175204,0
767,16497,15,279.3,31,2.772588722239781,5.635860458170742,3.4657359027997265,0
768,16499,19,365.45,58,2.995732273553991,5.903862086371859,4.07753744390572,2
769,16500,1,165.0,28,0.6931471805599453,5.111987788356544,3.367295829986474,0
770,16503,51,841.7900000000001,28,3.9512437185814275,6.736717816648441,3.367295829986474,3
771,16510,13,248.10000000000002,70,2.6390573296152584,5.517854422268135,4.2626798770413155,2
772,16519,5,103.7,63,1.791759469228055,4.651099117876491,4.1588830833596715,1
773,16520,60,325.7599999999999,63,4.110873864173311,5.789225956473668,4.1588830833596715,2
774,16525,20,1109.49,29,3.044522437723423,7.012556638341214,3.4011973816621555,3
775,16531,6,92.82,58,1.9459101490553132,4.541378052900312,4.07753744390572,1
776,16532,1,1910.4,36,0.6931471805599453,7.555591236832079,3.6109179126442243,0
777,16539,30,747.25,56,3.4339872044851463,6.617737146732808,4.04305126783455,2
778,16546,6,299.40000000000003,70,1.9459101490553132,5.70511491988998,4.2626798770413155,1
779,16549,33,119.49000000000001,32,3.5263605246161616,4.791566761935185,3.4965075614664802,0
780,16550,48,554.6599999999999,66,3.8918202981106265,6.320156596410232,4.204692619390966,2
781,16551,11,311.07000000000005,34,2.4849066497880004,5.743227521619131,3.5553480614894135,0
782,16552,5,95.29,71,1.791759469228055,4.567364471252192,4.276666119016055,1
783,16553,17,1609.4400000000003,58,2.8903717578961645,7.384262712566539,4.07753744390572,2
784,16554,1,0.85,29,0.6931471805599453,0.6151856390902334,3.4011973816621555,1
785,16556,16,310.84999999999997,58,2.833213344056216,5.742522302972132,4.07753744390572,2
786,16558,42,880.5500000000001,55,3.7612001156935624,6.781681721726769,4.02535169073515,2
787,16560,20,332.1799999999999,56,3.044522437723423,5.808682884481571,4.04305126783455,2
788,16565,3,173.7,62,1.3862943611198906,5.163070217140011,4.143134726391533,1
789,16567,26,557.56,34,3.295836866004329,6.3253620433567255,3.5553480614894135,0
790,16583,14,233.45000000000002,71,2.70805020110221,5.457242345535596,4.276666119016055,2
791,16593,1,69.6,25,0.6931471805599453,4.257030144499196,3.258096538021482,0
792,16596,6,120.65,64,1.9459101490553132,4.801148069229532,4.174387269895637,1
793,16600,9,125.86,36,2.302585092994046,4.843084116205751,3.6109179126442243,0
794,16607,8,654.8199999999999,55,2.1972245773362196,6.485886361048296,4.02535169073515,2
795,16634,8,164.8,70,2.1972245773362196,5.110782242701195,4.2626798770413155,1
796,16638,12,213.62,27,2.5649493574615367,5.3688690224989815,3.332204510175204,0
797,16654,9,227.40000000000003,66,2.302585092994046,5.431098477781855,4.204692619390966,1
798,16655,39,812.2500000000001,29,3.6888794541139363,6.7010385653534605,3.4011973816621555,3
799,16656,8,739.0399999999998,37,2.1972245773362196,6.6067042387914015,3.6375861597263857,0
800,16658,8,123.24,66,2.1972245773362196,4.822215178840431,4.204692619390966,1
801,16665,9,135.4,60,2.302585092994046,4.915591745409362,4.110873864173311,1
802,16670,51,778.5100000000002,24,3.9512437185814275,6.658665517151913,3.2188758248682006,3
803,16676,29,464.82000000000005,35,3.4011973816621555,6.143799293411261,3.58351893845611,0
804,16679,3,129.75,64,1.3862943611198906,4.873287102945032,4.174387269895637,1
805,16684,23,3113.4,52,3.1780538303479458,8.043791796296246,3.970291913552122,3
806,16686,80,351.1299999999998,53,4.394449154672439,5.864000425598742,3.9889840465642745,2
807,16700,14,336.94000000000005,64,2.70805020110221,5.8228683649325035,4.174387269895637,2
808,16701,20,842.8800000000001,29,3.044522437723423,6.738010304392622,3.4011973816621555,0
809,16705,15,1131.72,56,2.772588722239781,7.032377098976715,4.04305126783455,2
810,16710,71,519.92,58,4.276666119016055,6.255596479099502,4.07753744390572,2
811,16711,1,214.20000000000002,55,0.6931471805599453,5.371567828287629,4.02535169073515,1
812,16713,103,758.5399999999998,52,4.6443908991413725,6.632712986876792,3.970291913552122,2
813,16717,15,307.25,64,2.772588722239781,5.730911142044453,4.174387269895637,2
814,16718,44,606.0500000000002,67,3.8066624897703196,6.408611159989984,4.219507705176107,2
815,16719,60,583.1800000000001,36,4.110873864173311,6.3702091545165365,3.6109179126442243,3
816,16722,41,799.5200000000002,64,3.7376696182833684,6.685261516509424,4.174387269895637,2
817,16725,89,426.79999999999967,37,4.499809670330265,6.058655796648305,3.6375861597263857,3
818,16726,20,129.57000000000002,59,3.044522437723423,4.871909481419947,4.0943445622221,2
819,16727,44,256.32,62,3.8066624897703196,5.550320446542799,4.143134726391533,2
820,16735,38,607.21,32,3.6635616461296463,6.410520217067979,3.4965075614664802,3
821,16743,30,430.2799999999999,56,3.4339872044851463,6.066757531143413,4.04305126783455,2
822,16746,45,692.0399999999998,25,3.828641396489095,6.541087717581885,3.258096538021482,3
823,16748,15,479.0,32,2.772588722239781,6.173786103901937,3.4965075614664802,0
824,16752,9,207.5,70,2.302585092994046,5.339939041238856,4.2626798770413155,1
825,16754,2,2002.4,70,1.0986122886681098,7.602601016177664,4.2626798770413155,1
826,16770,12,262.20000000000005,56,2.5649493574615367,5.572914199451162,4.04305126783455,2
827,16771,34,296.65999999999997,36,3.5553480614894135,5.695951895541012,3.6109179126442243,0
828,16775,30,406.04999999999995,28,3.4339872044851463,6.008936028019987,3.367295829986474,0
829,16779,59,1436.7800000000002,29,4.0943445622221,7.270855536312532,3.4011973816621555,3
830,16781,17,311.24999999999994,70,2.8903717578961645,5.743804149005687,4.2626798770413155,2
831,16782,88,566.0399999999996,57,4.48863636973214,6.340429847976661,4.060443010546419,2
832,16791,49,246.97999999999993,30,3.912023005428146,5.513348097751695,3.4339872044851463,0
833,16795,66,414.88000000000005,63,4.204692619390966,6.030396757109769,4.1588830833596715,2
834,16805,55,214.76999999999995,58,4.02535169073515,5.374213025551294,4.07753744390572,2
835,16812,15,479.3500000000001,58,2.772588722239781,6.174515004855747,4.07753744390572,2
836,16814,64,1452.6599999999999,23,4.174387269895637,7.281839793060036,3.1780538303479458,3
837,16816,5,75.78,56,1.791759469228055,4.340944189572651,4.04305126783455,1
838,16817,15,367.29999999999995,57,2.772588722239781,5.90889782345102,4.060443010546419,2
839,16833,18,309.48,32,2.9444389791664403,5.738119487060651,3.4965075614664802,0
840,16835,5,81.75,71,1.791759469228055,4.415824014257172,4.276666119016055,1
841,16839,22,1328.91,27,3.1354942159291497,7.192866549753205,3.332204510175204,3
842,16843,19,759.0600000000001,25,2.995732273553991,6.633397377532618,3.258096538021482,0
843,16850,19,332.40999999999997,31,2.995732273553991,5.809372963868082,3.4657359027997265,0
844,16858,10,375.69000000000005,66,2.3978952727983707,5.931422568022302,4.204692619390966,2
845,16863,9,164.25,64,2.302585092994046,5.107459478731796,4.174387269895637,1
846,16873,68,2157.640000000001,62,4.23410650459726,7.677233672748605,4.143134726391533,2
847,16875,22,368.79999999999995,37,3.1354942159291497,5.912962318953024,3.6375861597263857,0
848,16883,17,128.03,69,2.8903717578961645,4.860044935463755,4.248495242049359,1
849,16885,28,177.94999999999996,55,3.367295829986474,5.187106437212035,4.02535169073515,2
850,16889,48,523.0500000000001,34,3.8918202981106265,6.261587099616187,3.5553480614894135,3
851,16891,63,217.25999999999988,69,4.1588830833596715,5.385687012684943,4.248495242049359,2
852,16893,45,145.93000000000004,64,3.828641396489095,4.989956282887855,4.174387269895637,2
853,16898,29,112.08000000000001,66,3.4011973816621555,4.72809553282539,4.204692619390966,2
854,16899,16,170.54999999999998,58,2.833213344056216,5.144874769304459,4.07753744390572,2
855,16904,76,530.9599999999998,22,4.343805421853684,6.276568298544962,3.1354942159291497,3
856,16905,10,254.4,69,2.3978952727983707,5.542830943598439,4.248495242049359,1
857,16907,33,179.92000000000002,63,3.5263605246161616,5.198054944609643,4.1588830833596715,2
858,16912,13,377.29999999999995,21,2.6390573296152584,5.935687531638983,3.091042453358316,0
859,16916,49,196.42999999999998,70,3.912023005428146,5.285384091136137,4.2626798770413155,2
860,16919,65,540.0099999999998,58,4.189654742026425,6.293437762964004,4.07753744390572,2
861,16923,72,898.6999999999998,32,4.290459441148391,6.802061374423073,3.4965075614664802,3
862,16926,14,230.25000000000003,69,2.70805020110221,5.443499376392535,4.248495242049359,2
863,16927,2,218.1,59,1.0986122886681098,5.3895282466014205,4.0943445622221,1
864,16928,6,116.25,71,1.9459101490553132,4.764308407326388,4.276666119016055,1
865,16931,81,364.6599999999999,55,4.406719247264253,5.901703939900359,4.02535169073515,2
866,16945,19,279.85,56,2.995732273553991,5.637820718978442,4.04305126783455,2
867,16948,5,69.6,23,1.791759469228055,4.257030144499196,3.1780538303479458,0
868,16950,3,172.0,65,1.3862943611198906,5.153291594497779,4.189654742026425,1
869,16954,12,346.8,57,2.5649493574615367,5.851627601920183,4.060443010546419,2
870,16955,15,354.98,34,2.772588722239781,5.874874549498607,3.5553480614894135,0
871,16983,9,163.49000000000004,67,2.302585092994046,5.102849778084067,4.219507705176107,1
872,16985,18,933.3200000000002,56,2.9444389791664403,6.8398189919703105,4.04305126783455,2
873,16996,4,127.54,51,1.6094379124341003,4.85624013994314,3.9512437185814275,1
874,16997,4,390.0,23,1.6094379124341003,5.968707559985366,3.1780538303479458,0
875,17001,12,397.96,56,2.5649493574615367,5.9888611612378675,4.04305126783455,2
876,17007,12,207.12000000000003,55,2.5649493574615367,5.338114836422103,4.02535169073515,1
877,17017,73,2357.64,58,4.30406509320417,7.7658404607251565,4.07753744390572,3
878,17018,6,405.0,23,1.9459101490553132,6.0063531596017325,3.1780538303479458,0
879,17019,90,629.9099999999997,28,4.51085950651685,6.447163221623631,3.367295829986474,3
880,17025,5,160.97,71,1.791759469228055,5.087411132898305,4.276666119016055,1
881,17026,3,33.15,67,1.3862943611198906,3.530762586016799,4.219507705176107,1
882,17033,8,307.8,57,2.1972245773362196,5.732693818150621,4.060443010546419,1
883,17041,17,304.5,58,2.8903717578961645,5.72194977861165,4.07753744390572,2
884,17048,15,258.40999999999997,29,2.772588722239781,5.558409821640448,3.4011973816621555,0
885,17059,117,722.3599999999993,67,4.770684624465665,6.583907023546294,4.219507705176107,2
886,17062,51,430.6899999999999,56,3.9512437185814275,6.067707738058714,4.04305126783455,2
887,17064,22,143.95,25,3.1354942159291497,4.976388855367665,3.258096538021482,0
888,17068,37,401.45000000000005,28,3.6375861597263857,5.997570865539743,3.367295829986474,0
889,17069,26,583.2,52,3.295836866004329,6.37024338995364,3.970291913552122,2
890,17076,7,151.5,62,2.0794415416798357,5.0271645960474665,4.143134726391533,1
891,17085,83,736.1899999999999,52,4.430816798843313,6.60284566086373,3.970291913552122,2
892,17090,2,61.199999999999996,52,1.0986122886681098,4.130354999745133,3.970291913552122,1
893,17091,50,888.1500000000001,22,3.9318256327243257,6.79026595018967,3.1354942159291497,3
894,17095,16,313.15,32,2.833213344056216,5.749870578848956,3.4965075614664802,0
895,17097,63,287.64,22,4.1588830833596715,5.665180236874259,3.1354942159291497,0
896,17114,28,140.59000000000003,32,3.367295829986474,4.95293555729688,3.4965075614664802,0
897,17126,53,201.95000000000002,60,3.9889840465642745,5.312959643284906,4.110873864173311,2
898,17128,14,157.09,32,2.70805020110221,5.063164491108096,3.4965075614664802,0
899,17135,9,215.58,69,2.302585092994046,5.377959994200234,4.248495242049359,1
900,17146,16,298.25,56,2.833213344056216,5.701279344438083,4.04305126783455,2
901,17158,25,413.7899999999999,58,3.258096538021482,6.027772368060912,4.07753744390572,2
902,17179,20,243.0,59,3.044522437723423,5.497168225293202,4.0943445622221,2
903,17181,2,155.52,71,1.0986122886681098,5.053183797342212,4.276666119016055,1
904,17188,16,902.36,37,2.833213344056216,6.8061211450651244,3.6375861597263857,0
905,17189,37,226.56999999999994,57,3.6375861597263857,5.427457883371127,4.060443010546419,2
906,17191,72,510.1100000000001,66,4.290459441148391,6.236584831225561,4.204692619390966,2
907,17194,28,252.62,58,3.367295829986474,5.535837083806753,4.07753744390572,2
908,17198,77,521.6600000000001,63,4.356708826689592,6.258931157058856,4.1588830833596715,2
909,17211,75,779.7100000000005,51,4.330733340286331,6.66020376206176,3.9512437185814275,2
910,17213,31,615.8499999999999,51,3.4657359027997265,6.424625882517473,3.9512437185814275,2
911,17214,14,171.05,57,2.70805020110221,5.14778513224349,4.060443010546419,1
912,17218,117,770.6299999999993,32,4.770684624465665,6.648505160524589,3.4965075614664802,3
913,17220,32,317.50000000000006,62,3.4965075614664802,5.763622475012218,4.143134726391533,2
914,17223,30,292.84,66,3.4339872044851463,5.683035401511412,4.204692619390966,2
915,17227,10,142.25,66,2.3978952727983707,4.964591355594849,4.204692619390966,1
916,17228,30,355.95,65,3.4339872044851463,5.87759571594847,4.189654742026425,2
917,17230,41,2760.0099999999998,52,3.7376696182833684,7.923351833799727,3.970291913552122,3
918,17231,80,382.9899999999999,22,4.394449154672439,5.95061651058197,3.1354942159291497,3
919,17235,10,341.9,70,2.3978952727983707,5.837438859468874,4.2626798770413155,2
920,17236,9,126.27999999999997,60,2.302585092994046,4.846389384029531,4.110873864173311,1
921,17238,60,370.08999999999986,69,4.110873864173311,5.916444620788899,4.248495242049359,2
922,17243,53,1096.9500000000003,32,3.9889840465642745,7.001200083692001,3.4965075614664802,3
923,17251,37,269.83000000000004,60,3.6375861597263857,5.601491317767735,4.110873864173311,2
924,17259,82,367.95000000000005,66,4.418840607796598,5.910661133504376,4.204692619390966,2
925,17262,2,268.86,64,1.0986122886681098,5.5979033060026415,4.174387269895637,1
926,17284,131,716.1100000000002,34,4.882801922586371,6.575229245847775,3.5553480614894135,3
927,17287,22,222.7,65,3.1354942159291497,5.410305868496084,4.189654742026425,2
928,17288,12,237.12000000000003,24,2.5649493574615367,5.47277474828519,3.2188758248682006,0
929,17293,14,346.14000000000004,59,2.70805020110221,5.849728156792736,4.0943445622221,2
930,17303,53,250.03999999999994,59,3.9889840465642745,5.525612288984722,4.0943445622221,2
931,17306,1,324.0,51,0.6931471805599453,5.783825182329737,3.9512437185814275,1
932,17315,61,630.2900000000001,21,4.127134385045092,6.447765344918642,3.091042453358316,3
933,17320,22,450.91999999999996,66,3.1354942159291497,6.113505173017007,4.204692619390966,2
934,17324,17,702.23,29,2.8903717578961645,6.555684007577006,3.4011973816621555,0
935,17338,122,1538.3500000000001,29,4.812184355372417,7.339115528385639,3.4011973816621555,3
936,17339,4,60.0,63,1.6094379124341003,4.110873864173311,4.1588830833596715,1
937,17340,136,4360.390000000001,52,4.919980925828125,8.380546092874269,3.970291913552122,3
938,17341,136,416.6099999999999,64,4.919980925828125,6.034547982641873,4.174387269895637,2
939,17343,17,193.63999999999996,53,2.8903717578961645,5.271151698475267,3.9889840465642745,2
940,17346,43,235.34,57,3.784189633918261,5.46527144621087,4.060443010546419,2
941,17358,41,241.65999999999997,53,3.7376696182833684,5.491661286623727,3.9889840465642745,2
942,17364,46,419.8300000000001,29,3.8501476017100584,6.042228951657957,3.4011973816621555,3
943,17365,79,742.66,30,4.382026634673881,6.611583941134371,3.4339872044851463,3
944,17368,25,694.0000000000003,28,3.258096538021482,6.543911845564793,3.367295829986474,0
945,17371,7,92.14,59,2.0794415416798357,4.534103737554231,4.0943445622221,1
946,17372,74,366.52999999999986,58,4.31748811353631,5.906804947974188,4.07753744390572,2
947,17375,21,109.71000000000001,59,3.091042453358316,4.706914169871376,4.0943445622221,2
948,17377,44,785.0799999999999,55,3.8066624897703196,6.667058568420338,4.02535169073515,2
949,17381,12,3815.7200000000003,31,2.5649493574615367,8.24714669401577,3.4657359027997265,3
950,17389,4,236.94,27,1.6094379124341003,5.47201854104838,3.332204510175204,0
951,17392,43,271.77000000000004,56,3.784189633918261,5.608628949247603,4.04305126783455,2
952,17396,3,397.5,69,1.3862943611198906,5.98770749823027,4.248495242049359,1
953,17400,37,424.16999999999996,51,3.6375861597263857,6.052489088945744,3.9512437185814275,2
954,17402,27,571.87,27,3.332204510175204,6.350658814883715,3.332204510175204,0
955,17404,26,3834.3,55,3.295836866004329,8.252002937599684,4.02535169073515,3
956,17406,111,2184.42,31,4.718498871295094,7.689563308737489,3.4657359027997265,3
957,17412,21,447.7600000000001,56,3.091042453358316,6.106488223676764,4.04305126783455,2
958,17418,12,167.39000000000001,21,2.5649493574615367,5.126282717622217,3.091042453358316,0
959,17419,37,704.4699999999999,22,3.6375861597263857,6.558864247355429,3.1354942159291497,3
960,17420,7,130.85,71,2.0794415416798357,4.8816649127992955,4.276666119016055,1
961,17428,45,1887.7900000000004,30,3.828641396489095,7.543691691390494,3.4339872044851463,3
962,17430,5,112.6,63,1.791759469228055,4.732683506287051,4.1588830833596715,1
963,17449,73,684.2600000000001,57,4.30406509320417,6.529798328290571,4.060443010546419,2
964,17450,74,20649.039999999997,30,4.31748811353631,9.935472535433307,3.4339872044851463,3
965,17454,9,165.85,57,2.302585092994046,5.117095205197383,4.060443010546419,1
966,17456,17,249.85999999999999,63,2.8903717578961645,5.524895014596528,4.1588830833596715,2
967,17457,4,385.79999999999995,37,1.6094379124341003,5.957907763579139,3.6375861597263857,0
968,17460,2,70.30000000000001,70,1.0986122886681098,4.26689632742025,4.2626798770413155,1
969,17470,11,178.40000000000003,65,2.4849066497880004,5.189617949624696,4.189654742026425,1
970,17491,13,632.9200000000001,23,2.6390573296152584,6.451922763510186,3.1780538303479458,0
971,17496,10,271.04999999999995,56,2.3978952727983707,5.605985872931934,4.04305126783455,1
972,17511,122,10573.219999999998,36,4.812184355372417,9.266174242328912,3.6109179126442243,3
973,17519,18,335.29999999999995,66,2.9444389791664403,5.818003618746224,4.204692619390966,2
974,17524,6,145.0,59,1.9459101490553132,4.983606621708336,4.0943445622221,1
975,17525,9,422.70000000000005,57,2.302585092994046,6.049025657632513,4.060443010546419,2
976,17526,6,238.6,58,1.9459101490553132,5.478970866241294,4.07753744390572,1
977,17530,65,300.6399999999999,63,4.189654742026425,5.709234253334446,4.1588830833596715,2
978,17551,39,290.34,57,3.6888794541139363,5.674490970020802,4.060443010546419,2
979,17552,13,298.52,70,2.6390573296152584,5.702181193289227,4.2626798770413155,2
980,17555,49,195.44999999999996,32,3.912023005428146,5.280407946004469,3.4965075614664802,0
981,17567,27,517.9499999999999,70,3.332204510175204,6.251807539411298,4.2626798770413155,2
982,17569,29,344.13999999999993,30,3.4011973816621555,5.843950131819432,3.4339872044851463,0
983,17572,4,70.80000000000001,71,1.6094379124341003,4.273884476054179,4.276666119016055,1
984,17576,42,437.07000000000005,23,3.7612001156935624,6.082378714958612,3.1780538303479458,0
985,17580,3,46.85,56,1.3862943611198906,3.8680711178989635,4.04305126783455,1
986,17581,60,1235.73,27,4.110873864173311,7.120226078560039,3.332204510175204,3
987,17585,28,417.81000000000006,36,3.367295829986474,6.0374173564572535,3.6109179126442243,0
988,17591,71,384.2999999999999,65,4.276666119016055,5.954022251632112,4.189654742026425,2
989,17593,26,662.8999999999999,50,3.295836866004329,6.498131535725113,3.9318256327243257,2
990,17596,59,390.96999999999986,66,4.0943445622221,5.971185306249601,4.204692619390966,2
991,17602,103,767.05,22,4.6443908991413725,6.643854835195154,3.1354942159291497,3
992,17609,96,423.5999999999998,25,4.574710978503383,6.051147549269155,3.258096538021482,3
993,17611,90,565.5899999999998,22,4.51085950651685,6.339635938105475,3.1354942159291497,3
994,17616,1,326.4,65,0.6931471805599453,5.791182664937034,4.189654742026425,1
995,17618,42,278.98,60,3.7612001156935624,5.6347181720466795,4.110873864173311,2
996,17621,4,239.39999999999998,52,1.6094379124341003,5.4823042026610525,3.970291913552122,1
997,17629,11,238.64999999999998,57,2.4849066497880004,5.47917952560564,4.060443010546419,1
998,17634,74,785.6500000000005,35,4.31748811353631,6.667783422686433,3.58351893845611,3
999,17643,8,101.55000000000001,71,2.1972245773362196,4.63035048451839,4.276666119016055,1
1000,17646,9,251.00000000000003,63,2.302585092994046,5.529429087511423,4.1588830833596715,1
1001,17655,9,676.1,64,2.302585092994046,6.517818972491599,4.174387269895637,2
1002,17659,17,359.95,56,2.8903717578961645,5.88873944458517,4.04305126783455,2
1003,17671,17,394.18000000000006,63,2.8903717578961645,5.979341357305672,4.1588830833596715,2
1004,17674,11,300.66,66,2.4849066497880004,5.709300555340106,4.204692619390966,2
1005,17675,38,1988.4800000000002,36,3.6635616461296463,7.595628577039374,3.6109179126442243,3
1006,17676,15,300.7,64,2.772588722239781,5.709433146165015,4.174387269895637,2
1007,17677,26,1616.6000000000001,64,3.295836866004329,7.388698848266207,4.174387269895637,2
1008,17682,18,391.5,66,2.9444389791664403,5.972536537222463,4.204692619390966,2
1009,17685,29,824.52,27,3.4011973816621555,6.716013490807459,3.332204510175204,3
1010,17690,75,1570.650000000001,24,4.330733340286331,7.3598813018893505,3.2188758248682006,3
1011,17691,19,290.40000000000003,56,2.995732273553991,5.674696893761104,4.04305126783455,2
1012,17692,25,343.26000000000005,57,3.258096538021482,5.84139718584336,4.060443010546419,2
1013,17696,7,175.60000000000002,62,2.0794415416798357,5.17388728816986,4.143134726391533,1
1014,17706,28,477.83000000000004,64,3.367295829986474,6.171345628362577,4.174387269895637,2
1015,17707,3,83.7,34,1.3862943611198906,4.439115601658009,3.5553480614894135,1
1016,17708,25,106.85000000000001,22,3.258096538021482,4.680741372835166,3.1354942159291497,0
1017,17720,1,102.0,65,0.6931471805599453,4.634728988229636,4.189654742026425,1
1018,17722,75,1743.5800000000002,22,4.330733340286331,7.4642691179875165,3.1354942159291497,3
1019,17730,17,311.47999999999996,24,2.8903717578961645,5.744540467128369,3.2188758248682006,0
1020,17732,18,303.97,70,2.9444389791664403,5.7202134111139475,4.2626798770413155,2
1021,17735,22,454.59999999999997,65,3.1354942159291497,6.121615231573027,4.189654742026425,2
1022,17739,12,682.5900000000001,31,2.5649493574615367,6.527358322696757,3.4657359027997265,0
1023,17742,13,302.57,30,2.6390573296152584,5.715612226409778,3.4339872044851463,0
1024,17744,34,706.4399999999998,28,3.5553480614894135,6.561652820267479,3.367295829986474,3
1025,17752,1,80.64,57,0.6931471805599453,4.402319337941644,4.060443010546419,1
1026,17757,105,711.3,32,4.663439094112067,6.568499170984308,3.4965075614664802,3
1027,17760,9,172.54,71,2.302585092994046,5.156408120365343,4.276666119016055,1
1028,17771,22,115.80000000000001,21,3.1354942159291497,4.760463070394127,3.091042453358316,0
1029,17787,73,1218.5399999999997,21,4.30406509320417,7.106229017446059,3.091042453358316,3
1030,17790,24,399.54999999999995,55,3.2188758248682006,5.992838602661125,4.02535169073515,2
1031,17796,53,389.00000000000006,32,3.9889840465642745,5.966146739123692,3.4965075614664802,3
1032,17799,33,223.48000000000002,59,3.5263605246161616,5.413786616354151,4.0943445622221,2
1033,17800,12,136.05,32,2.5649493574615367,4.920345822748795,3.4965075614664802,0
1034,17802,12,100.19999999999999,70,2.5649493574615367,4.617098756853365,4.2626798770413155,1
1035,17809,15,1251.5,69,2.772588722239781,7.13289683295902,4.248495242049359,2
1036,17811,78,523.6699999999998,21,4.3694478524670215,6.262769493529209,3.091042453358316,3
1037,17812,29,193.29999999999998,66,3.4011973816621555,5.269403356383394,4.204692619390966,2
1038,17816,10,16.209999999999997,63,2.3978952727983707,2.845490610223448,4.1588830833596715,1
1039,17819,14,980.1199999999999,60,2.70805020110221,6.888694776243394,4.110873864173311,2
1040,17827,111,1270.9600000000003,62,4.718498871295094,7.148314296864735,4.143134726391533,2
1041,17838,41,902.8600000000001,63,3.7376696182833684,6.806674481142368,4.1588830833596715,2
1042,17841,471,3965.209999999993,22,6.156978985585555,8.285566257753576,3.1354942159291497,3
1043,17848,10,169.56000000000003,28,2.3978952727983707,5.13908714097748,3.367295829986474,0
1044,17849,8,217.75,31,2.1972245773362196,5.387929525237724,3.4657359027997265,0
1045,17850,297,5391.210000000009,70,5.697093486505405,8.592710598421283,4.2626798770413155,3
1046,17855,17,208.96999999999997,70,2.8903717578961645,5.346964663369558,4.2626798770413155,2
1047,17857,5,1340.7,56,1.791759469228055,7.201692745596426,4.04305126783455,2
1048,17858,25,1541.8500000000001,57,3.258096538021482,7.341386634416652,4.060443010546419,2
1049,17860,52,226.44999999999996,66,3.970291913552122,5.426930434016013,4.204692619390966,2
1050,17862,11,330.9,21,2.4849066497880004,5.804833718725929,3.091042453358316,0
1051,17863,21,384.71999999999997,67,3.091042453358316,5.9551117176421835,4.219507705176107,2
1052,17865,42,1079.8300000000002,55,3.7612001156935624,6.985484543477641,4.02535169073515,2
1053,17869,16,214.32,66,2.833213344056216,5.372125293692757,4.204692619390966,2
1054,17870,1,326.4,64,0.6931471805599453,5.791182664937034,4.174387269895637,1
1055,17873,8,204.95,71,2.1972245773362196,5.32763342088209,4.276666119016055,1
1056,17880,26,458.91999999999985,62,3.295836866004329,6.131052561315035,4.143134726391533,2
1057,17884,63,322.52,66,4.1588830833596715,5.779260935832107,4.204692619390966,2
1058,17888,3,29.43,55,1.3862943611198906,3.4154289639088797,4.02535169073515,1
1059,17890,62,463.01000000000005,59,4.143134726391533,6.139906103718158,4.0943445622221,2
1060,17894,91,514.9999999999998,50,4.5217885770490405,6.246106765481562,3.9318256327243257,2
1061,17897,68,410.66999999999996,65,4.23410650459726,6.020222057527178,4.189654742026425,2
1062,17905,27,392.9,50,3.332204510175204,5.97609706997686,3.9318256327243257,2
1063,17908,54,232.02999999999992,71,4.007333185232471,5.451167200642247,4.276666119016055,2
1064,17912,35,288.46000000000004,57,3.58351893845611,5.668017118209459,4.060443010546419,2
1065,17913,31,218.05,53,3.4657359027997265,5.3893000142599075,3.9889840465642745,2
1066,17917,28,107.16000000000001,60,3.367295829986474,4.683611612294654,4.110873864173311,2
1067,17920,82,674.9599999999997,66,4.418840607796598,6.516133902694622,4.204692619390966,2
1068,17924,2,279.0,71,1.0986122886681098,5.634789603169249,4.276666119016055,1
1069,17925,1,244.08,70,0.6931471805599453,5.501584687857454,4.2626798770413155,1
1070,17937,18,2153.88,59,2.9444389791664403,7.675490316532655,4.0943445622221,2
1071,17949,2,1746.0,35,1.0986122886681098,7.465655310134056,3.58351893845611,0
1072,17950,39,263.17,63,3.6888794541139363,5.576592835300246,4.1588830833596715,2
1073,17951,9,409.50000000000006,56,2.302585092994046,6.017375928892483,4.04305126783455,2
1074,17954,82,383.22,27,4.418840607796598,5.9512153052002965,3.332204510175204,3
1075,17961,79,582.85,24,4.382026634673881,6.369644100521724,3.2188758248682006,3
1076,17964,35,261.76000000000005,70,3.58351893845611,5.571241068024272,4.2626798770413155,2
1077,17965,75,589.22,29,4.330733340286331,6.380495348752722,3.4011973816621555,3
1078,17967,42,112.27000000000001,69,3.7612001156935624,4.729774349212622,4.248495242049359,2
1079,17968,81,265.09999999999997,71,4.406719247264253,5.583872177983643,4.276666119016055,2
1080,17969,7,125.2,59,2.0794415416798357,4.837867950107113,4.0943445622221,1
1081,17975,58,1053.37,37,4.07753744390572,6.960698711143167,3.6375861597263857,3
1082,17976,57,321.7899999999999,70,4.060443010546419,5.777001956981612,4.2626798770413155,2
1083,17978,12,300.91999999999996,63,2.5649493574615367,5.71016208162024,4.1588830833596715,2
1084,17980,15,295.2,57,2.772588722239781,5.6910349018336985,4.060443010546419,2
1085,17988,13,64.99000000000001,24,2.6390573296152584,4.18950321539533,3.2188758248682006,0
1086,17990,12,316.00000000000006,51,2.5649493574615367,5.758901773877281,3.9512437185814275,2
1087,17999,38,190.34,64,3.6635616461296463,5.254051950250021,4.174387269895637,2
1088,18004,37,157.91999999999996,60,3.6375861597263857,5.068400930946398,4.110873864173311,2
1089,18011,28,102.79,71,3.367295829986474,4.642369626977198,4.276666119016055,2
1090,18016,19,156.64999999999998,62,2.995732273553991,5.06037738599107,4.143134726391533,2
1091,18032,5,73.5,32,1.791759469228055,4.310799125385514,3.4965075614664802,0
1092,18037,6,31.299999999999997,60,1.9459101490553132,3.475067230228611,4.110873864173311,1
1093,18041,142,1137.82,23,4.962844630259907,7.037747917595996,3.1780538303479458,3
1094,18043,62,287.9099999999999,64,4.143134726391533,5.666115220926442,4.174387269895637,2
1095,18044,6,74.25,58,1.9459101490553132,4.3208159036289855,4.07753744390572,1
1096,18050,5,74.4,57,1.791759469228055,4.32280727501391,4.060443010546419,1
1097,18055,82,1751.1200000000008,56,4.418840607796598,7.468581762301473,4.04305126783455,3
1098,18061,6,405.16,64,1.9459101490553132,6.006747170639139,4.174387269895637,1
1099,18062,5,169.8,35,1.791759469228055,5.14049328135447,3.58351893845611,0
1100,18065,21,345.0199999999999,62,3.091042453358316,5.846496576855376,4.143134726391533,2
1101,18069,73,287.10999999999996,25,4.30406509320417,5.663342351658178,3.258096538021482,3
1102,18071,14,258.95000000000005,63,2.70805020110221,5.560489304829725,4.1588830833596715,2
1103,18074,13,489.6,71,2.6390573296152584,6.195629131824389,4.276666119016055,2
1104,18075,12,198.95000000000002,58,2.5649493574615367,5.298067335292828,4.07753744390572,1
1105,18077,36,396.3300000000001,53,3.6109179126442243,5.984767169660251,3.9889840465642745,2
1106,18085,29,689.95,28,3.4011973816621555,6.538067462249494,3.367295829986474,3
1107,18092,21,3111.8399999999997,28,3.091042453358316,8.043290771754833,3.367295829986474,3
1108,18095,16,374.75,30,2.833213344056216,5.928924028633084,3.4339872044851463,0
1109,18097,16,657.18,37,2.833213344056216,6.4894784501466365,3.6375861597263857,0
1110,18102,18,27834.61,63,2.9444389791664403,10.23407141523288,4.1588830833596715,3
1111,18106,37,421.8999999999999,27,3.6375861597263857,6.047135744478442,3.332204510175204,0
1112,18109,69,1035.420000000001,23,4.248495242049359,6.9435277460702665,3.1780538303479458,3
1113,18113,1,76.32000000000001,66,0.6931471805599453,4.34795265434013,4.204692619390966,1
1114,18116,154,661.3700000000002,49,5.043425116919247,6.495824312190361,3.912023005428146,3
1115,18118,248,894.3100000000011,23,5.517452896464707,6.7971700270181445,3.1780538303479458,3
1116,18119,29,180.7,65,3.4011973816621555,5.202356975402125,4.189654742026425,2
1117,18144,7,502.65000000000003,58,2.0794415416798357,6.22188158238869,4.07753744390572,1
1118,18156,50,186.88000000000002,67,3.9318256327243257,5.2358034611587945,4.219507705176107,2
1119,18168,39,449.94,57,3.6888794541139363,6.111334292958366,4.060443010546419,2
1120,18171,15,240.45000000000002,31,2.772588722239781,5.486662412319551,3.4657359027997265,0
1121,18176,30,476.34999999999997,56,3.4339872044851463,6.168249974444042,4.04305126783455,2
1122,18178,16,300.65000000000003,62,2.833213344056216,5.709267404886771,4.143134726391533,2
1123,18179,35,622.9000000000002,24,3.58351893845611,6.435990099116741,3.2188758248682006,3
1124,18190,9,171.45999999999998,28,2.302585092994046,5.150165325524179,3.367295829986474,0
1125,18198,19,300.54,34,2.995732273553991,5.708902677350773,3.5553480614894135,0
1126,18212,34,216.06999999999996,24,3.5553480614894135,5.380219882167671,3.2188758248682006,0
1127,18219,24,390.05999999999995,58,3.2188758248682006,5.968861000898128,4.07753744390572,2
1128,18223,53,1137.49,24,3.9889840465642745,7.037458101978175,3.2188758248682006,3
1129,18225,2,30.0,63,1.0986122886681098,3.4339872044851463,4.1588830833596715,1
1130,18226,21,417.3,35,3.091042453358316,6.036198878448153,3.58351893845611,0
1131,18229,17,1013.0999999999999,27,2.8903717578961645,6.921756798617951,3.332204510175204,3
1132,18233,1,440.0,23,0.6931471805599453,6.089044875446846,3.1780538303479458,0
1133,18239,29,438.0999999999999,70,3.4011973816621555,6.084727177567672,4.2626798770413155,2
1134,18245,27,365.7300000000001,53,3.332204510175204,5.904625882475442,3.9889840465642745,2
1135,18259,7,376.30000000000007,64,2.0794415416798357,5.933040626970265,4.174387269895637,1
1136,18260,37,787.7700000000006,32,3.6375861597263857,6.670474770110813,3.4965075614664802,3
1137,18269,7,168.6,64,2.0794415416798357,5.133442723357803,4.174387269895637,1
1138,18283,57,108.44999999999997,35,4.060443010546419,4.695467823968872,3.58351893845611,0
